trading_code,company_name,sector,instrument_type,market_category,listing_status,observed_at,source_reference,verification_status
1JANATAMF,First Janata Bank Mutual Fund,,,,,,Market evidence/instrument master/company_listing_2026-08-17.html,UNVERIFIED_INSTRUMENT
1STPRIMFMF,Prime Finance First Mutual Fund,,,,,,Market evidence/instrument master/company_listing_2026-08-17.html,UNVERIFIED_INSTRUMENT
AAMRANET,aamra networks limited,,,,,,Market evidence/instrument master/company_listing_2026-08-17.html,UNVERIFIED_INSTRUMENT
AAMRATECH,aamra technologies limited,,,,,,Market evidence/instrument master/company_listing_2026-08-17.html,UNVERIFIED_INSTRUMENT
ABB1STMF,AB Bank 1st Mutual fund,,,,,,Market evidence/instrument master/company_listing_2026-08-17.html,UNVERIFIED_INSTRUMENT
ABBANK,AB Bank PLC.,,,,,,Market evidence/instrument master/company_listing_2026-08-17.html,UNVERIFIED_INSTRUMENT
ABBLPBOND,AB Bank Perpetual Bond,,,,,,Market evidence/instrument master/company_listing_2026-08-17.html,UNVERIFIED_INSTRUMENT
ACFL,Aman Cotton Fibrous PLC.,,,,,,Market evidence/instrument master/company_listing_2026-08-17.html,UNVERIFIED_INSTRUMENT
ACI,Advanced Chemical Industries PLC,,,,,,Market evidence/instrument master/company_listing_2026-08-17.html,UNVERIFIED_INSTRUMENT
ACIFORMULA,ACI Formulations PLC,,,,,,Market evidence/instrument master/company_listing_2026-08-17.html,UNVERIFIED_INSTRUMENT
ACMELAB,The ACME Laboratories Limited,,,,,,Market evidence/instrument master/company_listing_2026-08-17.html,UNVERIFIED_INSTRUMENT
ACMEPL,ACME Pesticides Limited,,,,,,Market evidence/instrument master/company_listing_2026-08-17.html,UNVERIFIED_INSTRUMENT
ACTIVEFINE,Active Fine Chemicals Limited,,,,,,Market evidence/instrument master/company_listing_2026-08-17.html,UNVERIFIED_INSTRUMENT
ADNTEL,ADN Telecom Limited,,,,,,Market evidence/instrument master/company_listing_2026-08-17.html,UNVERIFIED_INSTRUMENT
ADVENT,Advent Pharma Limited,,,,,,Market evidence/instrument master/company_listing_2026-08-17.html,UNVERIFIED_INSTRUMENT
AFCAGRO,AFC Agro Biotech Ltd.,,,,,,Market evidence/instrument master/company_listing_2026-08-17.html,UNVERIFIED_INSTRUMENT
AFTABAUTO,Aftab Automobiles Limited,,,,,,Market evidence/instrument master/company_listing_2026-08-17.html,UNVERIFIED_INSTRUMENT
AGNISYSL,Agni Systems PLC.,,,,,,Market evidence/instrument master/company_listing_2026-08-17.html,UNVERIFIED_INSTRUMENT
AGRANINS,Agrani Insurance PLC.,,,,,,Market evidence/instrument master/company_listing_2026-08-17.html,UNVERIFIED_INSTRUMENT
AIBL1STIMF,AIBL 1st Islamic Mutual Fund,,,,,,Market evidence/instrument master/company_listing_2026-08-17.html,UNVERIFIED_INSTRUMENT
AIBLPBOND,AIBL Mudaraba Perpetual Bond,,,,,,Market evidence/instrument master/company_listing_2026-08-17.html,UNVERIFIED_INSTRUMENT
AIL,Alif Industries Limited,,,,,,Market evidence/instrument master/company_listing_2026-08-17.html,UNVERIFIED_INSTRUMENT
AL-HAJTEX,Al-Haj Textile Mills Limited,,,,,,Market evidence/instrument master/company_listing_2026-08-17.html,UNVERIFIED_INSTRUMENT
ALARABANK,Al-Arafah Islami Bank PLC.,,,,,,Market evidence/instrument master/company_listing_2026-08-17.html,UNVERIFIED_INSTRUMENT
ALIF,Alif Manufacturing Company Ltd.,,,,,,Market evidence/instrument master/company_listing_2026-08-17.html,UNVERIFIED_INSTRUMENT
ALLTEX,Alltex Industries Ltd.,,,,,,Market evidence/instrument master/company_listing_2026-08-17.html,UNVERIFIED_INSTRUMENT
AMANFEED,Aman Feed PLC.,,,,,,Market evidence/instrument master/company_listing_2026-08-17.html,UNVERIFIED_INSTRUMENT
AMBEEPHA,Ambee Pharmaceuticals PLC,,,,,,Market evidence/instrument master/company_listing_2026-08-17.html,UNVERIFIED_INSTRUMENT
AMCL(PRAN),Agricultural Marketing Company Ltd. (Pran),,,,,,Market evidence/instrument master/company_listing_2026-08-17.html,UNVERIFIED_INSTRUMENT
ANLIMAYARN,Anlimayarn Dyeing Ltd.,,,,,,Market evidence/instrument master/company_listing_2026-08-17.html,UNVERIFIED_INSTRUMENT
ANWARGALV,Anwar Galvanizing Ltd.,,,,,,Market evidence/instrument master/company_listing_2026-08-17.html,UNVERIFIED_INSTRUMENT
AOL,Associated Oxygen Limited,,,,,,Market evidence/instrument master/company_listing_2026-08-17.html,UNVERIFIED_INSTRUMENT
APEXFOODS,Apex Foods Limited,,,,,,Market evidence/instrument master/company_listing_2026-08-17.html,UNVERIFIED_INSTRUMENT
APEXFOOT,Apex Footwear Limited,,,,,,Market evidence/instrument master/company_listing_2026-08-17.html,UNVERIFIED_INSTRUMENT
APEXSPINN,Apex Spinning & Knitting Mills Limited,,,,,,Market evidence/instrument master/company_listing_2026-08-17.html,UNVERIFIED_INSTRUMENT
APEXTANRY,Apex Tannery Limited,,,,,,Market evidence/instrument master/company_listing_2026-08-17.html,UNVERIFIED_INSTRUMENT
APOLOISPAT,Appollo Ispat Complex Limited,,,,,,Market evidence/instrument master/company_listing_2026-08-17.html,UNVERIFIED_INSTRUMENT
APSCLBOND,APSCL Non-Convertible and Fully Redeemable Coupon Bearing Bond,,,,,,Market evidence/instrument master/company_listing_2026-08-17.html,UNVERIFIED_INSTRUMENT
ARAMIT,Aramit Limited,,,,,,Market evidence/instrument master/company_listing_2026-08-17.html,UNVERIFIED_INSTRUMENT
ARAMITCEM,Aramit Cement Limited,,,,,,Market evidence/instrument master/company_listing_2026-08-17.html,UNVERIFIED_INSTRUMENT
ARGONDENIM,Argon Denims Limited,,,,,,Market evidence/instrument master/company_listing_2026-08-17.html,UNVERIFIED_INSTRUMENT
ASIAINS,Asia Insurance PLC.,,,,,,Market evidence/instrument master/company_listing_2026-08-17.html,UNVERIFIED_INSTRUMENT
ASIAPACINS,Asia Pacific General Insurance PLC,,,,,,Market evidence/instrument master/company_listing_2026-08-17.html,UNVERIFIED_INSTRUMENT
ASIATICLAB,Asiatic Laboratories Limited,,,,,,Market evidence/instrument master/company_listing_2026-08-17.html,UNVERIFIED_INSTRUMENT
ATLASBANG,Atlas Bangladesh Ltd.,,,,,,Market evidence/instrument master/company_listing_2026-08-17.html,UNVERIFIED_INSTRUMENT
AZIZPIPES,Aziz Pipes Ltd.,,,,,,Market evidence/instrument master/company_listing_2026-08-17.html,UNVERIFIED_INSTRUMENT
BANGAS,Bangas Ltd.,,,,,,Market evidence/instrument master/company_listing_2026-08-17.html,UNVERIFIED_INSTRUMENT
BANKASI1PB,Bank Asia 1st Perpetual Bond,,,,,,Market evidence/instrument master/company_listing_2026-08-17.html,UNVERIFIED_INSTRUMENT
BANKASIA,Bank Asia PLC.,,,,,,Market evidence/instrument master/company_listing_2026-08-17.html,UNVERIFIED_INSTRUMENT
BARKAPOWER,Baraka Power Limited,,,,,,Market evidence/instrument master/company_listing_2026-08-17.html,UNVERIFIED_INSTRUMENT
BATASHOE,Bata Shoe Company (Bangladesh) Limited,,,,,,Market evidence/instrument master/company_listing_2026-08-17.html,UNVERIFIED_INSTRUMENT
BATBC,British American Tobacco Bangladesh Company Limited,,,,,,Market evidence/instrument master/company_listing_2026-08-17.html,UNVERIFIED_INSTRUMENT
BAYLEASING,Bay Leasing & Investment Limited,,,,,,Market evidence/instrument master/company_listing_2026-08-17.html,UNVERIFIED_INSTRUMENT
BBS,Bangladesh Building Systems PLC.,,,,,,Market evidence/instrument master/company_listing_2026-08-17.html,UNVERIFIED_INSTRUMENT
BBSCABLES,BBS Cables PLC.,,,,,,Market evidence/instrument master/company_listing_2026-08-17.html,UNVERIFIED_INSTRUMENT
BDAUTOCA,Bangladesh Autocars Ltd.,,,,,,Market evidence/instrument master/company_listing_2026-08-17.html,UNVERIFIED_INSTRUMENT
BDCOM,BDCOM Online Ltd.,,,,,,Market evidence/instrument master/company_listing_2026-08-17.html,UNVERIFIED_INSTRUMENT
BDFINANCE,Bangladesh Finance PLC.,,,,,,Market evidence/instrument master/company_listing_2026-08-17.html,UNVERIFIED_INSTRUMENT
BDLAMPS,Bangladesh Lamps PLC,,,,,,Market evidence/instrument master/company_listing_2026-08-17.html,UNVERIFIED_INSTRUMENT
BDSERVICE,Bangladesh Services Ltd.,,,,,,Market evidence/instrument master/company_listing_2026-08-17.html,UNVERIFIED_INSTRUMENT
BDTHAI,Bd.Thai Aluminium Ltd.,,,,,,Market evidence/instrument master/company_listing_2026-08-17.html,UNVERIFIED_INSTRUMENT
BDTHAIFOOD,BD Thai Food & Beverage Limited,,,,,,Market evidence/instrument master/company_listing_2026-08-17.html,UNVERIFIED_INSTRUMENT
BDWELDING,Bangladesh Welding Electrodes Ltd.,,,,,,Market evidence/instrument master/company_listing_2026-08-17.html,UNVERIFIED_INSTRUMENT
BEACHHATCH,Beach Hatchery Ltd.,,,,,,Market evidence/instrument master/company_listing_2026-08-17.html,UNVERIFIED_INSTRUMENT
BEACONPHAR,Beacon Pharmaceuticals PLC,,,,,,Market evidence/instrument master/company_listing_2026-08-17.html,UNVERIFIED_INSTRUMENT
BENGALWTL,Bengal Windsor Thermoplastics PLC.,,,,,,Market evidence/instrument master/company_listing_2026-08-17.html,UNVERIFIED_INSTRUMENT
BERGERPBL,Berger Paints Bangladesh Ltd.,,,,,,Market evidence/instrument master/company_listing_2026-08-17.html,UNVERIFIED_INSTRUMENT
BESTHLDNG,Best Holdings PLC.,,,,,,Market evidence/instrument master/company_listing_2026-08-17.html,UNVERIFIED_INSTRUMENT
BEXGSUKUK,Beximco Green Sukuk Al Istisna'a,,,,,,Market evidence/instrument master/company_listing_2026-08-17.html,UNVERIFIED_INSTRUMENT
BEXIMCO,Bangladesh Export Import Company Ltd.,,,,,,Market evidence/instrument master/company_listing_2026-08-17.html,UNVERIFIED_INSTRUMENT
BGIC,Bangladesh General Insurance Company PLC.,,,,,,Market evidence/instrument master/company_listing_2026-08-17.html,UNVERIFIED_INSTRUMENT
BIFC,Bangladesh Industrial Fin. Co. Ltd.,,,,,,Market evidence/instrument master/company_listing_2026-08-17.html,UNVERIFIED_INSTRUMENT
BNICL,Bangladesh National Insurance Company Limited,,,,,,Market evidence/instrument master/company_listing_2026-08-17.html,UNVERIFIED_INSTRUMENT
BPML,Bashundhara Paper Mills Limited,,,,,,Market evidence/instrument master/company_listing_2026-08-17.html,UNVERIFIED_INSTRUMENT
BPPL,Baraka Patenga Power Limited,,,,,,Market evidence/instrument master/company_listing_2026-08-17.html,UNVERIFIED_INSTRUMENT
BRACBANK,BRAC Bank PLC.,,,,,,Market evidence/instrument master/company_listing_2026-08-17.html,UNVERIFIED_INSTRUMENT
BSC,Bangladesh Shipping Corporation,,,,,,Market evidence/instrument master/company_listing_2026-08-17.html,UNVERIFIED_INSTRUMENT
BSCPLC,Bangladesh Submarine Cables PLC,,,,,,Market evidence/instrument master/company_listing_2026-08-17.html,UNVERIFIED_INSTRUMENT
BSRMLTD,Bangladesh Steel Re-Rolling Mills Limited,,,,,,Market evidence/instrument master/company_listing_2026-08-17.html,UNVERIFIED_INSTRUMENT
BSRMSTEEL,BSRM Steels Limited,,,,,,Market evidence/instrument master/company_listing_2026-08-17.html,UNVERIFIED_INSTRUMENT
BXPHARMA,Beximco Pharmaceuticals PLC.,,,,,,Market evidence/instrument master/company_listing_2026-08-17.html,UNVERIFIED_INSTRUMENT
CAPITECGBF,Capitec Grameen Bank Growth Fund,,,,,,Market evidence/instrument master/company_listing_2026-08-17.html,UNVERIFIED_INSTRUMENT
CAPMBDBLMF,CAPM BDBL Mutual Fund 01,,,,,,Market evidence/instrument master/company_listing_2026-08-17.html,UNVERIFIED_INSTRUMENT
CAPMIBBLMF,CAPM IBBL Islamic Mutual Fund,,,,,,Market evidence/instrument master/company_listing_2026-08-17.html,UNVERIFIED_INSTRUMENT
CBLPBOND,City Bank Perpetual Bond,,,,,,Market evidence/instrument master/company_listing_2026-08-17.html,UNVERIFIED_INSTRUMENT
CENTRALINS,Central Insurance PLC.,,,,,,Market evidence/instrument master/company_listing_2026-08-17.html,UNVERIFIED_INSTRUMENT
CENTRALPHL,Central Pharmaceuticals Limited,,,,,,Market evidence/instrument master/company_listing_2026-08-17.html,UNVERIFIED_INSTRUMENT
CITYBANK,City Bank PLC.,,,,,,Market evidence/instrument master/company_listing_2026-08-17.html,UNVERIFIED_INSTRUMENT
CITYGENINS,City Insurance PLC.,,,,,,Market evidence/instrument master/company_listing_2026-08-17.html,UNVERIFIED_INSTRUMENT
CLICL,Chartered Life Insurance PLC.,,,,,,Market evidence/instrument master/company_listing_2026-08-17.html,UNVERIFIED_INSTRUMENT
CNATEX,C & A Textiles Limited,,,,,,Market evidence/instrument master/company_listing_2026-08-17.html,UNVERIFIED_INSTRUMENT
CONFIDCEM,Confidence Cement PLC.,,,,,,Market evidence/instrument master/company_listing_2026-08-17.html,UNVERIFIED_INSTRUMENT
CONTININS,Continental Insurance PLC.,,,,,,Market evidence/instrument master/company_listing_2026-08-17.html,UNVERIFIED_INSTRUMENT
COPPERTECH,Coppertech Industries Limited,,,,,,Market evidence/instrument master/company_listing_2026-08-17.html,UNVERIFIED_INSTRUMENT
CROWNCEMNT,Crown Cement PLC.,,,,,,Market evidence/instrument master/company_listing_2026-08-17.html,UNVERIFIED_INSTRUMENT
CRYSTALINS,Crystal Insurance Company Limited,,,,,,Market evidence/instrument master/company_listing_2026-08-17.html,UNVERIFIED_INSTRUMENT
CVOPRL,CVO Petrochemical Refinery PLC.,,,,,,Market evidence/instrument master/company_listing_2026-08-17.html,UNVERIFIED_INSTRUMENT
DACCADYE,The Dacca Dyeing & Manufacturing Co.Ltd.,,,,,,Market evidence/instrument master/company_listing_2026-08-17.html,UNVERIFIED_INSTRUMENT
DAFODILCOM,Daffodil Computers PLC.,,,,,,Market evidence/instrument master/company_listing_2026-08-17.html,UNVERIFIED_INSTRUMENT
DBH,DBH Finance PLC.,,,,,,Market evidence/instrument master/company_listing_2026-08-17.html,UNVERIFIED_INSTRUMENT
DBH1STMF,DBH First Mutual Fund,,,,,,Market evidence/instrument master/company_listing_2026-08-17.html,UNVERIFIED_INSTRUMENT
DBLPBOND,Dhaka Bank Perpetual Bond,,,,,,Market evidence/instrument master/company_listing_2026-08-17.html,UNVERIFIED_INSTRUMENT
DEBARACEM,Aramit Cement Ltd.(Deb-14%),,,,,,Market evidence/instrument master/company_listing_2026-08-17.html,UNVERIFIED_INSTRUMENT
DEBBDLUGG,Bangladesh Luggage Ind. Ltd.(Deb-14%),,,,,,Market evidence/instrument master/company_listing_2026-08-17.html,UNVERIFIED_INSTRUMENT
DEBBDWELD,BD Welding Electrodes Ltd.(Deb-15%),,,,,,Market evidence/instrument master/company_listing_2026-08-17.html,UNVERIFIED_INSTRUMENT
DEBBDZIPP,Bangladesh Zipper Ind. Ltd.(Deb-14%),,,,,,Market evidence/instrument master/company_listing_2026-08-17.html,UNVERIFIED_INSTRUMENT
DEBBXDENIM,Beximco Denims Ltd.(Deb-14%),,,,,,Market evidence/instrument master/company_listing_2026-08-17.html,UNVERIFIED_INSTRUMENT
DEBBXFISH,Beximco Fisheries Ltd.(Deb-14%),,,,,,Market evidence/instrument master/company_listing_2026-08-17.html,UNVERIFIED_INSTRUMENT
DEBBXKNI,Beximco Knitting Ltd.(Deb-14%),,,,,,Market evidence/instrument master/company_listing_2026-08-17.html,UNVERIFIED_INSTRUMENT
DEBBXTEX,Beximco Textiles Ltd.(Deb-14%),,,,,,Market evidence/instrument master/company_listing_2026-08-17.html,UNVERIFIED_INSTRUMENT
DELTALIFE,Delta Life Insurance Company Ltd.,,,,,,Market evidence/instrument master/company_listing_2026-08-17.html,UNVERIFIED_INSTRUMENT
DELTASPINN,Delta Spinners Ltd.,,,,,,Market evidence/instrument master/company_listing_2026-08-17.html,UNVERIFIED_INSTRUMENT
DESCO,Dhaka Electric Supply Company Ltd.,,,,,,Market evidence/instrument master/company_listing_2026-08-17.html,UNVERIFIED_INSTRUMENT
DESHBANDHU,Deshbandhu Polymer Limited,,,,,,Market evidence/instrument master/company_listing_2026-08-17.html,UNVERIFIED_INSTRUMENT
DGIC,Desh General Insurance Company Limited,,,,,,Market evidence/instrument master/company_listing_2026-08-17.html,UNVERIFIED_INSTRUMENT
DHAKABANK,Dhaka Bank PLC.,,,,,,Market evidence/instrument master/company_listing_2026-08-17.html,UNVERIFIED_INSTRUMENT
DHAKAINS,Dhaka Insurance Limited,,,,,,Market evidence/instrument master/company_listing_2026-08-17.html,UNVERIFIED_INSTRUMENT
DOMINAGE,Dominage Steel Building Systems Limited,,,,,,Market evidence/instrument master/company_listing_2026-08-17.html,UNVERIFIED_INSTRUMENT
DOREENPWR,Doreen Power Generations and Systems Limited,,,,,,Market evidence/instrument master/company_listing_2026-08-17.html,UNVERIFIED_INSTRUMENT
DSHGARME,Desh Garments Ltd.,,,,,,Market evidence/instrument master/company_listing_2026-08-17.html,UNVERIFIED_INSTRUMENT
DSSL,Dragon Sweater and Spinning Limited,,,,,,Market evidence/instrument master/company_listing_2026-08-17.html,UNVERIFIED_INSTRUMENT
DULAMIACOT,Dulamia Cotton Spinning Mills Ltd.,,,,,,Market evidence/instrument master/company_listing_2026-08-17.html,UNVERIFIED_INSTRUMENT
DUTCHBANGL,Dutch-Bangla Bank PLC.,,,,,,Market evidence/instrument master/company_listing_2026-08-17.html,UNVERIFIED_INSTRUMENT
EASTERNINS,Eastern Insurance PLC.,,,,,,Market evidence/instrument master/company_listing_2026-08-17.html,UNVERIFIED_INSTRUMENT
EASTLAND,Eastland Insurance PLC.,,,,,,Market evidence/instrument master/company_listing_2026-08-17.html,UNVERIFIED_INSTRUMENT
EASTRNLUB,Eastern Lubricants Blenders PLC.,,,,,,Market evidence/instrument master/company_listing_2026-08-17.html,UNVERIFIED_INSTRUMENT
EBL,Eastern Bank PLC.,,,,,,Market evidence/instrument master/company_listing_2026-08-17.html,UNVERIFIED_INSTRUMENT
EBL1STMF,EBL First Mutual Fund,,,,,,Market evidence/instrument master/company_listing_2026-08-17.html,UNVERIFIED_INSTRUMENT
EBLNRBMF,EBL NRB Mutual Fund,,,,,,Market evidence/instrument master/company_listing_2026-08-17.html,UNVERIFIED_INSTRUMENT
ECABLES,Eastern Cables Ltd.,,,,,,Market evidence/instrument master/company_listing_2026-08-17.html,UNVERIFIED_INSTRUMENT
EGEN,eGeneration PLC.,,,,,,Market evidence/instrument master/company_listing_2026-08-17.html,UNVERIFIED_INSTRUMENT
EHL,Eastern Housing Limited,,,,,,Market evidence/instrument master/company_listing_2026-08-17.html,UNVERIFIED_INSTRUMENT
EIL,Express Insurance Limited,,,,,,Market evidence/instrument master/company_listing_2026-08-17.html,UNVERIFIED_INSTRUMENT
EMERALDOIL,Emerald Oil Industries Ltd.,,,,,,Market evidence/instrument master/company_listing_2026-08-17.html,UNVERIFIED_INSTRUMENT
ENVOYTEX,Envoy Textiles Limited,,,,,,Market evidence/instrument master/company_listing_2026-08-17.html,UNVERIFIED_INSTRUMENT
EPGL,Energypac Power Generation PLC.,,,,,,Market evidence/instrument master/company_listing_2026-08-17.html,UNVERIFIED_INSTRUMENT
ESQUIRENIT,Esquire Knit Composite PLC,,,,,,Market evidence/instrument master/company_listing_2026-08-17.html,UNVERIFIED_INSTRUMENT
ETL,Evince Textiles Limited,,,,,,Market evidence/instrument master/company_listing_2026-08-17.html,UNVERIFIED_INSTRUMENT
EXIM1STMF,EXIM Bank 1st Mutual Fund,,,,,,Market evidence/instrument master/company_listing_2026-08-17.html,UNVERIFIED_INSTRUMENT
EXIMBANK,Export Import (Exim) Bank of Bangladesh PLC.,,,,,,Market evidence/instrument master/company_listing_2026-08-17.html,UNVERIFIED_INSTRUMENT
FAMILYTEX,Familytex (BD) Limited,,,,,,Market evidence/instrument master/company_listing_2026-08-17.html,UNVERIFIED_INSTRUMENT
FARCHEM,Far Chemical Industries Limited,,,,,,Market evidence/instrument master/company_listing_2026-08-17.html,UNVERIFIED_INSTRUMENT
FAREASTFIN,Fareast Finance & Investment Limited,,,,,,Market evidence/instrument master/company_listing_2026-08-17.html,UNVERIFIED_INSTRUMENT
FAREASTLIF,Fareast Islami Life Insurance Co. Ltd.,,,,,,Market evidence/instrument master/company_listing_2026-08-17.html,UNVERIFIED_INSTRUMENT
FASFIN,FAS Finance & Investment Limited,,,,,,Market evidence/instrument master/company_listing_2026-08-17.html,UNVERIFIED_INSTRUMENT
FBFIF,First Bangladesh Fixed Income Fund,,,,,,Market evidence/instrument master/company_listing_2026-08-17.html,UNVERIFIED_INSTRUMENT
FEDERALINS,Federal Insurance PLC,,,,,,Market evidence/instrument master/company_listing_2026-08-17.html,UNVERIFIED_INSTRUMENT
FEKDIL,Far East Knitting & Dyeing Industries PLC.,,,,,,Market evidence/instrument master/company_listing_2026-08-17.html,UNVERIFIED_INSTRUMENT
FINEFOODS,Fine Foods Limited,,,,,,Market evidence/instrument master/company_listing_2026-08-17.html,UNVERIFIED_INSTRUMENT
FIRSTFIN,First Finance Limited,,,,,,Market evidence/instrument master/company_listing_2026-08-17.html,UNVERIFIED_INSTRUMENT
FIRSTSBANK,First Security Islami Bank PLC.,,,,,,Market evidence/instrument master/company_listing_2026-08-17.html,UNVERIFIED_INSTRUMENT
FORTUNE,Fortune Shoes Limited,,,,,,Market evidence/instrument master/company_listing_2026-08-17.html,UNVERIFIED_INSTRUMENT
FUWANGCER,Fu-Wang Ceramic Industries Ltd.,,,,,,Market evidence/instrument master/company_listing_2026-08-17.html,UNVERIFIED_INSTRUMENT
FUWANGFOOD,Fu Wang Food Ltd.,,,,,,Market evidence/instrument master/company_listing_2026-08-17.html,UNVERIFIED_INSTRUMENT
GBBPOWER,GBB Power Ltd.,,,,,,Market evidence/instrument master/company_listing_2026-08-17.html,UNVERIFIED_INSTRUMENT
GEMINISEA,Gemini Sea Food PLC,,,,,,Market evidence/instrument master/company_listing_2026-08-17.html,UNVERIFIED_INSTRUMENT
GENEXIL,Genex Infosys PLC,,,,,,Market evidence/instrument master/company_listing_2026-08-17.html,UNVERIFIED_INSTRUMENT
GENNEXT,Generation Next Fashions Limited,,,,,,Market evidence/instrument master/company_listing_2026-08-17.html,UNVERIFIED_INSTRUMENT
GHAIL,Golden Harvest Agro Industries Ltd.,,,,,,Market evidence/instrument master/company_listing_2026-08-17.html,UNVERIFIED_INSTRUMENT
GHCL,Global Heavy Chemicals Limited,,,,,,Market evidence/instrument master/company_listing_2026-08-17.html,UNVERIFIED_INSTRUMENT
GIB,Global Islami Bank PLC,,,,,,Market evidence/instrument master/company_listing_2026-08-17.html,UNVERIFIED_INSTRUMENT
GLDNJMF,ICB AMCL CMSF Golden Jubilee Mutual Fund,,,,,,Market evidence/instrument master/company_listing_2026-08-17.html,UNVERIFIED_INSTRUMENT
GLOBALINS,Global Insurance PLC,,,,,,Market evidence/instrument master/company_listing_2026-08-17.html,UNVERIFIED_INSTRUMENT
GOLDENSON,Golden Son Ltd.,,,,,,Market evidence/instrument master/company_listing_2026-08-17.html,UNVERIFIED_INSTRUMENT
GP,Grameenphone Ltd.,,,,,,Market evidence/instrument master/company_listing_2026-08-17.html,UNVERIFIED_INSTRUMENT
GPHISPAT,GPH Ispat Ltd.,,,,,,Market evidence/instrument master/company_listing_2026-08-17.html,UNVERIFIED_INSTRUMENT
GQBALLPEN,GQ Ball Pen Industries Ltd.,,,,,,Market evidence/instrument master/company_listing_2026-08-17.html,UNVERIFIED_INSTRUMENT
GRAMEENS2,Grameen One : Scheme Two,,,,,,Market evidence/instrument master/company_listing_2026-08-17.html,UNVERIFIED_INSTRUMENT
GREENDELMF,Green Delta Mutual Fund,,,,,,Market evidence/instrument master/company_listing_2026-08-17.html,UNVERIFIED_INSTRUMENT
GREENDELT,Green Delta Insurance PLC.,,,,,,Market evidence/instrument master/company_listing_2026-08-17.html,UNVERIFIED_INSTRUMENT
GSPFINANCE,GSP Finance Company (Bangladesh) PLC.,,,,,,Market evidence/instrument master/company_listing_2026-08-17.html,UNVERIFIED_INSTRUMENT
HAKKANIPUL,Hakkani Pulp & Paper Mills PLC.,,,,,,Market evidence/instrument master/company_listing_2026-08-17.html,UNVERIFIED_INSTRUMENT
HAMI,Hami Industries PLC,,,,,,Market evidence/instrument master/company_listing_2026-08-17.html,UNVERIFIED_INSTRUMENT
HEIDELBCEM,Heidelberg Materials Bangladesh PLC.,,,,,,Market evidence/instrument master/company_listing_2026-08-17.html,UNVERIFIED_INSTRUMENT
HFL,Hamid Fabrics PLC,,,,,,Market evidence/instrument master/company_listing_2026-08-17.html,UNVERIFIED_INSTRUMENT
HRTEX,H.R.Textile Ltd.,,,,,,Market evidence/instrument master/company_listing_2026-08-17.html,UNVERIFIED_INSTRUMENT
HWAWELLTEX,Hwa Well Textiles (BD) PLC.,,,,,,Market evidence/instrument master/company_listing_2026-08-17.html,UNVERIFIED_INSTRUMENT
IBBL2PBOND,IBBL 2nd Perpetual Mudaraba Bond,,,,,,Market evidence/instrument master/company_listing_2026-08-17.html,UNVERIFIED_INSTRUMENT
IBBLPBOND,IBBL Mudaraba Perpetual Bond,,,,,,Market evidence/instrument master/company_listing_2026-08-17.html,UNVERIFIED_INSTRUMENT
IBNSINA,The IBN SINA Pharmaceutical Industry PLC,,,,,,Market evidence/instrument master/company_listing_2026-08-17.html,UNVERIFIED_INSTRUMENT
IBP,Indo-Bangla Pharmaceuticals Limited,,,,,,Market evidence/instrument master/company_listing_2026-08-17.html,UNVERIFIED_INSTRUMENT
ICB,Investment Corporation Of Bangladesh,,,,,,Market evidence/instrument master/company_listing_2026-08-17.html,UNVERIFIED_INSTRUMENT
ICB3RDNRB,ICB AMCL Third NRB Mutual Fund,,,,,,Market evidence/instrument master/company_listing_2026-08-17.html,UNVERIFIED_INSTRUMENT
ICBAGRANI1,ICB AMCL First Agrani Bank Mutual Fund,,,,,,Market evidence/instrument master/company_listing_2026-08-17.html,UNVERIFIED_INSTRUMENT
ICBAMCL2ND,ICB AMCL Second Mutual Fund,,,,,,Market evidence/instrument master/company_listing_2026-08-17.html,UNVERIFIED_INSTRUMENT
ICBEPMF1S1,ICB Employees Provident MF 1: Scheme 1,,,,,,Market evidence/instrument master/company_listing_2026-08-17.html,UNVERIFIED_INSTRUMENT
ICBIBANK,ICB Islamic Bank Limited,,,,,,Market evidence/instrument master/company_listing_2026-08-17.html,UNVERIFIED_INSTRUMENT
ICBSONALI1,ICB AMCL Sonali Bank Limited 1st Mutual Fund,,,,,,Market evidence/instrument master/company_listing_2026-08-17.html,UNVERIFIED_INSTRUMENT
ICICL,Islami Commercial Insurance PLC.,,,,,,Market evidence/instrument master/company_listing_2026-08-17.html,UNVERIFIED_INSTRUMENT
IDLC,IDLC Finance PLC.,,,,,,Market evidence/instrument master/company_listing_2026-08-17.html,UNVERIFIED_INSTRUMENT
IFADAUTOS,IFAD Autos PLC.,,,,,,Market evidence/instrument master/company_listing_2026-08-17.html,UNVERIFIED_INSTRUMENT
IFIC,IFIC Bank PLC,,,,,,Market evidence/instrument master/company_listing_2026-08-17.html,UNVERIFIED_INSTRUMENT
IFIC1STMF,IFIC Bank 1st Mutual Fund,,,,,,Market evidence/instrument master/company_listing_2026-08-17.html,UNVERIFIED_INSTRUMENT
IFILISLMF1,IFIL Islamic Mutual Fund-1,,,,,,Market evidence/instrument master/company_listing_2026-08-17.html,UNVERIFIED_INSTRUMENT
ILFSL,International Leasing & Financial Services Limited,,,,,,Market evidence/instrument master/company_listing_2026-08-17.html,UNVERIFIED_INSTRUMENT
INDEXAGRO,Index Agro Industries Limited,,,,,,Market evidence/instrument master/company_listing_2026-08-17.html,UNVERIFIED_INSTRUMENT
INTECH,Intech Limited,,,,,,Market evidence/instrument master/company_listing_2026-08-17.html,UNVERIFIED_INSTRUMENT
INTRACO,Intraco Refueling Station PLC,,,,,,Market evidence/instrument master/company_listing_2026-08-17.html,UNVERIFIED_INSTRUMENT
IPDC,IPDC Finance PLC.,,,,,,Market evidence/instrument master/company_listing_2026-08-17.html,UNVERIFIED_INSTRUMENT
ISLAMIBANK,Islami Bank Bangladesh PLC.,,,,,,Market evidence/instrument master/company_listing_2026-08-17.html,UNVERIFIED_INSTRUMENT
ISLAMICFIN,Islamic Finance & Investment PLC.,,,,,,Market evidence/instrument master/company_listing_2026-08-17.html,UNVERIFIED_INSTRUMENT
ISLAMIINS,Islami Insurance Bangladesh Limited,,,,,,Market evidence/instrument master/company_listing_2026-08-17.html,UNVERIFIED_INSTRUMENT
ISNLTD,Information Services Network Ltd.,,,,,,Market evidence/instrument master/company_listing_2026-08-17.html,UNVERIFIED_INSTRUMENT
ITC,IT Consultants PLC.,,,,,,Market evidence/instrument master/company_listing_2026-08-17.html,UNVERIFIED_INSTRUMENT
JAMUNABANK,Jamuna Bank PLC.,,,,,,Market evidence/instrument master/company_listing_2026-08-17.html,UNVERIFIED_INSTRUMENT
JAMUNAOIL,Jamuna Oil PLC.,,,,,,Market evidence/instrument master/company_listing_2026-08-17.html,UNVERIFIED_INSTRUMENT
JANATAINS,Janata Insurance PLC,,,,,,Market evidence/instrument master/company_listing_2026-08-17.html,UNVERIFIED_INSTRUMENT
JHRML,JMI Hospital Requisite Manufacturing Limited,,,,,,Market evidence/instrument master/company_listing_2026-08-17.html,UNVERIFIED_INSTRUMENT
JMISMDL,JMI Syringes & Medical Devices Ltd.,,,,,,Market evidence/instrument master/company_listing_2026-08-17.html,UNVERIFIED_INSTRUMENT
JUTESPINN,Jute Spinners Ltd.,,,,,,Market evidence/instrument master/company_listing_2026-08-17.html,UNVERIFIED_INSTRUMENT
KARNAPHULI,Karnaphuli Insurance PLC,,,,,,Market evidence/instrument master/company_listing_2026-08-17.html,UNVERIFIED_INSTRUMENT
KAY&QUE,Kay & Que (Bangladesh) Ltd.,,,,,,Market evidence/instrument master/company_listing_2026-08-17.html,UNVERIFIED_INSTRUMENT
KBPPWBIL,Khan Brothers PP Woven Bag Industries Limited,,,,,,Market evidence/instrument master/company_listing_2026-08-17.html,UNVERIFIED_INSTRUMENT
KDSALTD,KDS Accessories Limited,,,,,,Market evidence/instrument master/company_listing_2026-08-17.html,UNVERIFIED_INSTRUMENT
KEYACOSMET,Keya Cosmetics Ltd.,,,,,,Market evidence/instrument master/company_listing_2026-08-17.html,UNVERIFIED_INSTRUMENT
KOHINOOR,Kohinoor Chemical Company (Bangladesh) PLC.,,,,,,Market evidence/instrument master/company_listing_2026-08-17.html,UNVERIFIED_INSTRUMENT
KPCL,Khulna Power Company Limited,,,,,,Market evidence/instrument master/company_listing_2026-08-17.html,UNVERIFIED_INSTRUMENT
KPPL,Khulna Printing & Packaging Limited,,,,,,Market evidence/instrument master/company_listing_2026-08-17.html,UNVERIFIED_INSTRUMENT
KTL,Kattali Textile Limited,,,,,,Market evidence/instrument master/company_listing_2026-08-17.html,UNVERIFIED_INSTRUMENT
LANKABAFIN,LankaBangla Finance PLC.,,,,,,Market evidence/instrument master/company_listing_2026-08-17.html,UNVERIFIED_INSTRUMENT
LEGACYFOOT,Legacy Footwear Ltd.,,,,,,Market evidence/instrument master/company_listing_2026-08-17.html,UNVERIFIED_INSTRUMENT
LHB,LafargeHolcim Bangladesh PLC.,,,,,,Market evidence/instrument master/company_listing_2026-08-17.html,UNVERIFIED_INSTRUMENT
LIBRAINFU,Libra Infusions Limited,,,,,,Market evidence/instrument master/company_listing_2026-08-17.html,UNVERIFIED_INSTRUMENT
LINDEBD,Linde Bangladesh Limited,,,,,,Market evidence/instrument master/company_listing_2026-08-17.html,UNVERIFIED_INSTRUMENT
LOVELLO,Taufika Foods and Lovello Ice-cream PLC,,,,,,Market evidence/instrument master/company_listing_2026-08-17.html,UNVERIFIED_INSTRUMENT
LRBDL,Lub-rref (Bangladesh) Limited,,,,,,Market evidence/instrument master/company_listing_2026-08-17.html,UNVERIFIED_INSTRUMENT
LRGLOBMF1,LR Global Bangladesh Mutual Fund One,,,,,,Market evidence/instrument master/company_listing_2026-08-17.html,UNVERIFIED_INSTRUMENT
MAGURAPLEX,Magura Multiplex PLC.,,,,,,Market evidence/instrument master/company_listing_2026-08-17.html,UNVERIFIED_INSTRUMENT
MAKSONSPIN,Maksons Spinning Mills PLC.,,,,,,Market evidence/instrument master/company_listing_2026-08-17.html,UNVERIFIED_INSTRUMENT
MALEKSPIN,Malek Spinning Mills PLC.,,,,,,Market evidence/instrument master/company_listing_2026-08-17.html,UNVERIFIED_INSTRUMENT
MARICO,Marico Bangladesh Limited,,,,,,Market evidence/instrument master/company_listing_2026-08-17.html,UNVERIFIED_INSTRUMENT
MATINSPINN,Matin Spinning Mills PLC,,,,,,Market evidence/instrument master/company_listing_2026-08-17.html,UNVERIFIED_INSTRUMENT
MBL1STMF,MBL 1st Mutual Fund,,,,,,Market evidence/instrument master/company_listing_2026-08-17.html,UNVERIFIED_INSTRUMENT
MBPLCPBOND,Mercantile Bank Perpetual Bond,,,,,,Market evidence/instrument master/company_listing_2026-08-17.html,UNVERIFIED_INSTRUMENT
MEGCONMILK,Meghna Condensed Milk Industries Ltd.,,,,,,Market evidence/instrument master/company_listing_2026-08-17.html,UNVERIFIED_INSTRUMENT
MEGHNACEM,Meghna Cement Mills PLC.,,,,,,Market evidence/instrument master/company_listing_2026-08-17.html,UNVERIFIED_INSTRUMENT
MEGHNAINS,Meghna Insurance PLC.,,,,,,Market evidence/instrument master/company_listing_2026-08-17.html,UNVERIFIED_INSTRUMENT
MEGHNALIFE,Meghna Life Insurance PLC,,,,,,Market evidence/instrument master/company_listing_2026-08-17.html,UNVERIFIED_INSTRUMENT
MEGHNAPET,Meghna Pet Industries Ltd.,,,,,,Market evidence/instrument master/company_listing_2026-08-17.html,UNVERIFIED_INSTRUMENT
MERCANBANK,Mercantile Bank PLC.,,,,,,Market evidence/instrument master/company_listing_2026-08-17.html,UNVERIFIED_INSTRUMENT
MERCINS,Mercantile Islami Insurance PLC,,,,,,Market evidence/instrument master/company_listing_2026-08-17.html,UNVERIFIED_INSTRUMENT
METROSPIN,Metro Spinning Ltd.,,,,,,Market evidence/instrument master/company_listing_2026-08-17.html,UNVERIFIED_INSTRUMENT
MHSML,Mozaffar Hossain Spinning Mills Ltd.,,,,,,Market evidence/instrument master/company_listing_2026-08-17.html,UNVERIFIED_INSTRUMENT
MIDASFIN,MIDAS Financing PLC.,,,,,,Market evidence/instrument master/company_listing_2026-08-17.html,UNVERIFIED_INSTRUMENT
MIDLANDBNK,Midland Bank PLC.,,,,,,Market evidence/instrument master/company_listing_2026-08-17.html,UNVERIFIED_INSTRUMENT
MIRACLEIND,Miracle Industries Ltd.,,,,,,Market evidence/instrument master/company_listing_2026-08-17.html,UNVERIFIED_INSTRUMENT
MIRAKHTER,Mir Akhter Hossain Limited,,,,,,Market evidence/instrument master/company_listing_2026-08-17.html,UNVERIFIED_INSTRUMENT
MITHUNKNIT,Mithun Knitting and Dyeing Ltd.,,,,,,Market evidence/instrument master/company_listing_2026-08-17.html,UNVERIFIED_INSTRUMENT
MJLBD,MJL Bangladesh PLC.,,,,,,Market evidence/instrument master/company_listing_2026-08-17.html,UNVERIFIED_INSTRUMENT
MLDYEING,M.L. Dyeing Limited,,,,,,Market evidence/instrument master/company_listing_2026-08-17.html,UNVERIFIED_INSTRUMENT
MONNOAGML,Monno Agro & General Machinery Limited,,,,,,Market evidence/instrument master/company_listing_2026-08-17.html,UNVERIFIED_INSTRUMENT
MONNOCERA,Monno Ceramic Industries Ltd.,,,,,,Market evidence/instrument master/company_listing_2026-08-17.html,UNVERIFIED_INSTRUMENT
MONNOFABR,Monno Fabrics Limited,,,,,,Market evidence/instrument master/company_listing_2026-08-17.html,UNVERIFIED_INSTRUMENT
MONOSPOOL,Monospool Bangladesh PLC,,,,,,Market evidence/instrument master/company_listing_2026-08-17.html,UNVERIFIED_INSTRUMENT
MPETROLEUM,Meghna Petroleum PLC.,,,,,,Market evidence/instrument master/company_listing_2026-08-17.html,UNVERIFIED_INSTRUMENT
MTB,Mutual Trust Bank PLC,,,,,,Market evidence/instrument master/company_listing_2026-08-17.html,UNVERIFIED_INSTRUMENT
MTBPBOND,Mutual Trust Bank Perpetual Bond,,,,,,Market evidence/instrument master/company_listing_2026-08-17.html,UNVERIFIED_INSTRUMENT
NAHEEACP,Nahee Aluminum Composite Panel PLC.,,,,,,Market evidence/instrument master/company_listing_2026-08-17.html,UNVERIFIED_INSTRUMENT
NATLIFEINS,National Life Insurance PLC,,,,,,Market evidence/instrument master/company_listing_2026-08-17.html,UNVERIFIED_INSTRUMENT
NAVANACNG,Navana CNG Limited,,,,,,Market evidence/instrument master/company_listing_2026-08-17.html,UNVERIFIED_INSTRUMENT
NAVANAPHAR,Navana Pharmaceuticals PLC,,,,,,Market evidence/instrument master/company_listing_2026-08-17.html,UNVERIFIED_INSTRUMENT
NBL,National Bank PLC.,,,,,,Market evidence/instrument master/company_listing_2026-08-17.html,UNVERIFIED_INSTRUMENT
NCCBANK,National Credit and Commerce Bank PLC.,,,,,,Market evidence/instrument master/company_listing_2026-08-17.html,UNVERIFIED_INSTRUMENT
NCCBLMF1,NCCBL Mutual Fund-1,,,,,,Market evidence/instrument master/company_listing_2026-08-17.html,UNVERIFIED_INSTRUMENT
NEWLINE,New Line Clothings Limited,,,,,,Market evidence/instrument master/company_listing_2026-08-17.html,UNVERIFIED_INSTRUMENT
NFML,National Feed Mill Limited,,,,,,Market evidence/instrument master/company_listing_2026-08-17.html,UNVERIFIED_INSTRUMENT
NHFIL,National Housing Finance PLC,,,,,,Market evidence/instrument master/company_listing_2026-08-17.html,UNVERIFIED_INSTRUMENT
NITOLINS,Nitol Insurance PLC.,,,,,,Market evidence/instrument master/company_listing_2026-08-17.html,UNVERIFIED_INSTRUMENT
NORTHERN,Northern Jute Manufacturing Co. Ltd.,,,,,,Market evidence/instrument master/company_listing_2026-08-17.html,UNVERIFIED_INSTRUMENT
NORTHRNINS,Northern Islami Insurance PLC.,,,,,,Market evidence/instrument master/company_listing_2026-08-17.html,UNVERIFIED_INSTRUMENT
NPOLYMER,National Polymer Industries PLC.,,,,,,Market evidence/instrument master/company_listing_2026-08-17.html,UNVERIFIED_INSTRUMENT
NRBBANK,NRB Bank PLC.,,,,,,Market evidence/instrument master/company_listing_2026-08-17.html,UNVERIFIED_INSTRUMENT
NRBCBANK,NRBC Bank PLC.,,,,,,Market evidence/instrument master/company_listing_2026-08-17.html,UNVERIFIED_INSTRUMENT
NTC,National Tea Company Ltd.,,,,,,Market evidence/instrument master/company_listing_2026-08-17.html,UNVERIFIED_INSTRUMENT
NTLTUBES,National Tubes Limited,,,,,,Market evidence/instrument master/company_listing_2026-08-17.html,UNVERIFIED_INSTRUMENT
NURANI,Nurani Dyeing & Sweater Limited,,,,,,Market evidence/instrument master/company_listing_2026-08-17.html,UNVERIFIED_INSTRUMENT
OAL,Olympic Accessories Limited,,,,,,Market evidence/instrument master/company_listing_2026-08-17.html,UNVERIFIED_INSTRUMENT
OIMEX,Oimex Electrode Limited,,,,,,Market evidence/instrument master/company_listing_2026-08-17.html,UNVERIFIED_INSTRUMENT
OLYMPIC,Olympic Industries PLC.,,,,,,Market evidence/instrument master/company_listing_2026-08-17.html,UNVERIFIED_INSTRUMENT
ONEBANKPLC,One Bank PLC,,,,,,Market evidence/instrument master/company_listing_2026-08-17.html,UNVERIFIED_INSTRUMENT
ORIONINFU,Orion Infusion Ltd.,,,,,,Market evidence/instrument master/company_listing_2026-08-17.html,UNVERIFIED_INSTRUMENT
ORIONPHARM,Orion Pharma Ltd.,,,,,,Market evidence/instrument master/company_listing_2026-08-17.html,UNVERIFIED_INSTRUMENT
PADMALIFE,Padma Islami Life Insurance Limited,,,,,,Market evidence/instrument master/company_listing_2026-08-17.html,UNVERIFIED_INSTRUMENT
PADMAOIL,Padma Oil PLC.,,,,,,Market evidence/instrument master/company_listing_2026-08-17.html,UNVERIFIED_INSTRUMENT
PARAMOUNT,Paramount Insurance PLC.,,,,,,Market evidence/instrument master/company_listing_2026-08-17.html,UNVERIFIED_INSTRUMENT
PBLPBOND,Pubali Bank Perpetual Bond,,,,,,Market evidence/instrument master/company_listing_2026-08-17.html,UNVERIFIED_INSTRUMENT
PDL,Pacific Denims Limited,,,,,,Market evidence/instrument master/company_listing_2026-08-17.html,UNVERIFIED_INSTRUMENT
PENINSULA,The Peninsula Chittagong PLC,,,,,,Market evidence/instrument master/company_listing_2026-08-17.html,UNVERIFIED_INSTRUMENT
PEOPLESINS,Peoples Insurance PLC.,,,,,,Market evidence/instrument master/company_listing_2026-08-17.html,UNVERIFIED_INSTRUMENT
PF1STMF,Phoenix Finance 1st Mutual Fund,,,,,,Market evidence/instrument master/company_listing_2026-08-17.html,UNVERIFIED_INSTRUMENT
PHARMAID,Pharma Aids Limited,,,,,,Market evidence/instrument master/company_listing_2026-08-17.html,UNVERIFIED_INSTRUMENT
PHENIXINS,Phoenix Insurance PLC.,,,,,,Market evidence/instrument master/company_listing_2026-08-17.html,UNVERIFIED_INSTRUMENT
PHOENIXFIN,Phoenix Finance and Investments Ltd.,,,,,,Market evidence/instrument master/company_listing_2026-08-17.html,UNVERIFIED_INSTRUMENT
PHPMF1,PHP First Mutual Fund,,,,,,Market evidence/instrument master/company_listing_2026-08-17.html,UNVERIFIED_INSTRUMENT
PIONEERINS,Pioneer Insurance PLC,,,,,,Market evidence/instrument master/company_listing_2026-08-17.html,UNVERIFIED_INSTRUMENT
PLFSL,Peoples Leasing and Fin. Services Ltd.,,,,,,Market evidence/instrument master/company_listing_2026-08-17.html,UNVERIFIED_INSTRUMENT
POPULAR1MF,Popular Life First Mutual Fund,,,,,,Market evidence/instrument master/company_listing_2026-08-17.html,UNVERIFIED_INSTRUMENT
POPULARLIF,Popular Life Insurance Co. Ltd.,,,,,,Market evidence/instrument master/company_listing_2026-08-17.html,UNVERIFIED_INSTRUMENT
POWERGRID,Power Grid Company of Bangladesh Ltd.,,,,,,Market evidence/instrument master/company_listing_2026-08-17.html,UNVERIFIED_INSTRUMENT
PRAGATIINS,Pragati Insurance PLC.,,,,,,Market evidence/instrument master/company_listing_2026-08-17.html,UNVERIFIED_INSTRUMENT
PRAGATILIF,Pragati Life Insurance PLC.,,,,,,Market evidence/instrument master/company_listing_2026-08-17.html,UNVERIFIED_INSTRUMENT
PREBPBOND,Premier Bank Perpetual Bond,,,,,,Market evidence/instrument master/company_listing_2026-08-17.html,UNVERIFIED_INSTRUMENT
PREMIERBAN,The Premier Bank PLC.,,,,,,Market evidence/instrument master/company_listing_2026-08-17.html,UNVERIFIED_INSTRUMENT
PREMIERCEM,Premier Cement Mills PLC,,,,,,Market evidence/instrument master/company_listing_2026-08-17.html,UNVERIFIED_INSTRUMENT
PREMIERLEA,Premier Leasing & Finance Limited,,,,,,Market evidence/instrument master/company_listing_2026-08-17.html,UNVERIFIED_INSTRUMENT
PRIME1ICBA,Prime Bank 1st ICB AMCL Mutual Fund,,,,,,Market evidence/instrument master/company_listing_2026-08-17.html,UNVERIFIED_INSTRUMENT
PRIMEBANK,Prime Bank PLC.,,,,,,Market evidence/instrument master/company_listing_2026-08-17.html,UNVERIFIED_INSTRUMENT
PRIMEFIN,Prime Finance & Investment Ltd.,,,,,,Market evidence/instrument master/company_listing_2026-08-17.html,UNVERIFIED_INSTRUMENT
PRIMEINSUR,Prime Islami Insurance PLC,,,,,,Market evidence/instrument master/company_listing_2026-08-17.html,UNVERIFIED_INSTRUMENT
PRIMELIFE,Prime Islami Life Insurance Ltd.,,,,,,Market evidence/instrument master/company_listing_2026-08-17.html,UNVERIFIED_INSTRUMENT
PRIMETEX,Prime Textile Spinning Mills Limited,,,,,,Market evidence/instrument master/company_listing_2026-08-17.html,UNVERIFIED_INSTRUMENT
PROGRESLIF,Progressive Life Insurance Co. Ltd.,,,,,,Market evidence/instrument master/company_listing_2026-08-17.html,UNVERIFIED_INSTRUMENT
PROVATIINS,Provati Insurance PLC.,,,,,,Market evidence/instrument master/company_listing_2026-08-17.html,UNVERIFIED_INSTRUMENT
PTL,Paramount Textile PLC.,,,,,,Market evidence/instrument master/company_listing_2026-08-17.html,UNVERIFIED_INSTRUMENT
PUBALIBANK,Pubali Bank PLC.,,,,,,Market evidence/instrument master/company_listing_2026-08-17.html,UNVERIFIED_INSTRUMENT
PURABIGEN,Purabi Gen. Insurance Company Ltd.,,,,,,Market evidence/instrument master/company_listing_2026-08-17.html,UNVERIFIED_INSTRUMENT
QUASEMIND,Quasem Industries Ltd.,,,,,,Market evidence/instrument master/company_listing_2026-08-17.html,UNVERIFIED_INSTRUMENT
QUEENSOUTH,Queen South Textile Mills Limited,,,,,,Market evidence/instrument master/company_listing_2026-08-17.html,UNVERIFIED_INSTRUMENT
RAHIMAFOOD,Rahima Food Corporation Limited,,,,,,Market evidence/instrument master/company_listing_2026-08-17.html,UNVERIFIED_INSTRUMENT
RAHIMTEXT,Rahim Textile Mills PLC.,,,,,,Market evidence/instrument master/company_listing_2026-08-17.html,UNVERIFIED_INSTRUMENT
RAKCERAMIC,RAK Ceramics (Bangladesh) Limited,,,,,,Market evidence/instrument master/company_listing_2026-08-17.html,UNVERIFIED_INSTRUMENT
RANFOUNDRY,Rangpur Foundry Ltd.,,,,,,Market evidence/instrument master/company_listing_2026-08-17.html,UNVERIFIED_INSTRUMENT
RDFOOD,Rangpur Dairy & Food Products Ltd.,,,,,,Market evidence/instrument master/company_listing_2026-08-17.html,UNVERIFIED_INSTRUMENT
RECKITTBEN,Reckitt Benckiser (Bangladesh) PLC,,,,,,Market evidence/instrument master/company_listing_2026-08-17.html,UNVERIFIED_INSTRUMENT
REGENTTEX,Regent Textile Mills Limited,,,,,,Market evidence/instrument master/company_listing_2026-08-17.html,UNVERIFIED_INSTRUMENT
RELIANCE1,Reliance One the first scheme of Reliance Insurance Mutual Fund,,,,,,Market evidence/instrument master/company_listing_2026-08-17.html,UNVERIFIED_INSTRUMENT
RELIANCINS,Reliance Insurance PLC.,,,,,,Market evidence/instrument master/company_listing_2026-08-17.html,UNVERIFIED_INSTRUMENT
RENATA,Renata PLC,,,,,,Market evidence/instrument master/company_listing_2026-08-17.html,UNVERIFIED_INSTRUMENT
RENWICKJA,Renwick Jajneswar & Co (Bd) Ltd.,,,,,,Market evidence/instrument master/company_listing_2026-08-17.html,UNVERIFIED_INSTRUMENT
REPUBLIC,Republic Insurance PLC.,,,,,,Market evidence/instrument master/company_listing_2026-08-17.html,UNVERIFIED_INSTRUMENT
RINGSHINE,Ring Shine Textiles Limited,,,,,,Market evidence/instrument master/company_listing_2026-08-17.html,UNVERIFIED_INSTRUMENT
ROBI,Robi Axiata PLC.,,,,,,Market evidence/instrument master/company_listing_2026-08-17.html,UNVERIFIED_INSTRUMENT
RSRMSTEEL,Ratanpur Steel Re-Rolling Mills Limited,,,,,,Market evidence/instrument master/company_listing_2026-08-17.html,UNVERIFIED_INSTRUMENT
RUNNERAUTO,Runner Automobiles PLC,,,,,,Market evidence/instrument master/company_listing_2026-08-17.html,UNVERIFIED_INSTRUMENT
RUPALIBANK,Rupali Bank PLC.,,,,,,Market evidence/instrument master/company_listing_2026-08-17.html,UNVERIFIED_INSTRUMENT
RUPALIINS,Rupali Insurance Company Ltd.,,,,,,Market evidence/instrument master/company_listing_2026-08-17.html,UNVERIFIED_INSTRUMENT
RUPALILIFE,Rupali Life Insurance Company Limited,,,,,,Market evidence/instrument master/company_listing_2026-08-17.html,UNVERIFIED_INSTRUMENT
SAFKOSPINN,Safko Spinnings Mills Ltd.,,,,,,Market evidence/instrument master/company_listing_2026-08-17.html,UNVERIFIED_INSTRUMENT
SAIFPOWER,SAIF Powertec Limited,,,,,,Market evidence/instrument master/company_listing_2026-08-17.html,UNVERIFIED_INSTRUMENT
SAIHAMCOT,Saiham Cotton Mills Limited,,,,,,Market evidence/instrument master/company_listing_2026-08-17.html,UNVERIFIED_INSTRUMENT
SAIHAMTEX,Saiham Textile Mills Ltd.,,,,,,Market evidence/instrument master/company_listing_2026-08-17.html,UNVERIFIED_INSTRUMENT
SALAMCRST,S. Alam Cold Rolled Steels Ltd.,,,,,,Market evidence/instrument master/company_listing_2026-08-17.html,UNVERIFIED_INSTRUMENT
SALVO,Salvo Organic Industries PLC.,,,,,,Market evidence/instrument master/company_listing_2026-08-17.html,UNVERIFIED_INSTRUMENT
SAMATALETH,Samata Leather Complex Ltd.,,,,,,Market evidence/instrument master/company_listing_2026-08-17.html,UNVERIFIED_INSTRUMENT
SAMORITA,Samorita Hospital Limited,,,,,,Market evidence/instrument master/company_listing_2026-08-17.html,UNVERIFIED_INSTRUMENT
SANDHANINS,Sandhani Life Insurance Company Ltd.,,,,,,Market evidence/instrument master/company_listing_2026-08-17.html,UNVERIFIED_INSTRUMENT
SAPORTL,Summit Alliance Port Limited,,,,,,Market evidence/instrument master/company_listing_2026-08-17.html,UNVERIFIED_INSTRUMENT
SAVAREFR,Savar Refractories Limited,,,,,,Market evidence/instrument master/company_listing_2026-08-17.html,UNVERIFIED_INSTRUMENT
SBACBANK,SBAC Bank PLC.,,,,,,Market evidence/instrument master/company_listing_2026-08-17.html,UNVERIFIED_INSTRUMENT
SEAPEARL,Sea Pearl Beach Resort & Spa Limited,,,,,,Market evidence/instrument master/company_listing_2026-08-17.html,UNVERIFIED_INSTRUMENT
SEB1PBOND,Southeast Bank 1st Perpetual Bond,,,,,,Market evidence/instrument master/company_listing_2026-08-17.html,UNVERIFIED_INSTRUMENT
SEMLFBSLGF,SEML FBLSL Growth Fund,,,,,,Market evidence/instrument master/company_listing_2026-08-17.html,UNVERIFIED_INSTRUMENT
SEMLIBBLSF,SEML IBBL Shariah Fund,,,,,,Market evidence/instrument master/company_listing_2026-08-17.html,UNVERIFIED_INSTRUMENT
SHAHJABANK,Shahjalal Islami Bank PLC.,,,,,,Market evidence/instrument master/company_listing_2026-08-17.html,UNVERIFIED_INSTRUMENT
SHARPIND,Sharp Industries PLC,,,,,,Market evidence/instrument master/company_listing_2026-08-17.html,UNVERIFIED_INSTRUMENT
SHASHADNIM,Shasha Denims PLC.,,,,,,Market evidence/instrument master/company_listing_2026-08-17.html,UNVERIFIED_INSTRUMENT
SHEPHERD,Shepherd Industries PLC,,,,,,Market evidence/instrument master/company_listing_2026-08-17.html,UNVERIFIED_INSTRUMENT
SHURWID,Shurwid Industries Limited,,,,,,Market evidence/instrument master/company_listing_2026-08-17.html,UNVERIFIED_INSTRUMENT
SHYAMPSUG,Shyampur Sugar Mills Ltd.,,,,,,Market evidence/instrument master/company_listing_2026-08-17.html,UNVERIFIED_INSTRUMENT
SIBL,Social Islami Bank PLC.,,,,,,Market evidence/instrument master/company_listing_2026-08-17.html,UNVERIFIED_INSTRUMENT
SICL,Sikder Insurance Company Limited,,,,,,Market evidence/instrument master/company_listing_2026-08-17.html,UNVERIFIED_INSTRUMENT
SILCOPHL,Silco Pharmaceuticals Limited,,,,,,Market evidence/instrument master/company_listing_2026-08-17.html,UNVERIFIED_INSTRUMENT
SILVAPHL,Silva Pharmaceuticals Limited,,,,,,Market evidence/instrument master/company_listing_2026-08-17.html,UNVERIFIED_INSTRUMENT
SIMTEX,Simtex Industries PLC.,,,,,,Market evidence/instrument master/company_listing_2026-08-17.html,UNVERIFIED_INSTRUMENT
SINGERBD,Singer Bangladesh Limited,,,,,,Market evidence/instrument master/company_listing_2026-08-17.html,UNVERIFIED_INSTRUMENT
SINOBANGLA,Sinobangla Industries Ltd.,,,,,,Market evidence/instrument master/company_listing_2026-08-17.html,UNVERIFIED_INSTRUMENT
SIPLC,Sena Insurance PLC,,,,,,Market evidence/instrument master/company_listing_2026-08-17.html,UNVERIFIED_INSTRUMENT
SJIBLPBOND,SJIBL Mudaraba Perpetual Bond,,,,,,Market evidence/instrument master/company_listing_2026-08-17.html,UNVERIFIED_INSTRUMENT
SKTRIMS,SK Trims & Industries Limited,,,,,,Market evidence/instrument master/company_listing_2026-08-17.html,UNVERIFIED_INSTRUMENT
SONALIANSH,Sonali Aansh Industries Limited,,,,,,Market evidence/instrument master/company_listing_2026-08-17.html,UNVERIFIED_INSTRUMENT
SONALILIFE,Sonali Life Insurance PLC,,,,,,Market evidence/instrument master/company_listing_2026-08-17.html,UNVERIFIED_INSTRUMENT
SONALIPAPR,Sonali Paper & Board Mills Ltd.,,,,,,Market evidence/instrument master/company_listing_2026-08-17.html,UNVERIFIED_INSTRUMENT
SONARBAINS,Sonar Bangla Insurance Ltd.,,,,,,Market evidence/instrument master/company_listing_2026-08-17.html,UNVERIFIED_INSTRUMENT
SONARGAON,Sonargaon Textiles Ltd.,,,,,,Market evidence/instrument master/company_listing_2026-08-17.html,UNVERIFIED_INSTRUMENT
SOUTHEASTB,Southeast Bank PLC,,,,,,Market evidence/instrument master/company_listing_2026-08-17.html,UNVERIFIED_INSTRUMENT
SPCERAMICS,Shinepukur Ceramics PLC.,,,,,,Market evidence/instrument master/company_listing_2026-08-17.html,UNVERIFIED_INSTRUMENT
SPCL,Shahjibazar Power Co. Ltd.,,,,,,Market evidence/instrument master/company_listing_2026-08-17.html,UNVERIFIED_INSTRUMENT
SQUARETEXT,Square Textiles PLC.,,,,,,Market evidence/instrument master/company_listing_2026-08-17.html,UNVERIFIED_INSTRUMENT
SQURPHARMA,Square Pharmaceuticals PLC.,,,,,,Market evidence/instrument master/company_listing_2026-08-17.html,UNVERIFIED_INSTRUMENT
SSSTEEL,S. S. Steel Limited,,,,,,Market evidence/instrument master/company_listing_2026-08-17.html,UNVERIFIED_INSTRUMENT
STANCERAM,Standard Ceramic Industries Ltd.,,,,,,Market evidence/instrument master/company_listing_2026-08-17.html,UNVERIFIED_INSTRUMENT
STANDARINS,Standard Insurance PLC.,,,,,,Market evidence/instrument master/company_listing_2026-08-17.html,UNVERIFIED_INSTRUMENT
STANDBANKL,Standard Islami Bank PLC.,,,,,,Market evidence/instrument master/company_listing_2026-08-17.html,UNVERIFIED_INSTRUMENT
STYLECRAFT,Stylecraft Limited,,,,,,Market evidence/instrument master/company_listing_2026-08-17.html,UNVERIFIED_INSTRUMENT
SUMITPOWER,Summit Power Limited,,,,,,Market evidence/instrument master/company_listing_2026-08-17.html,UNVERIFIED_INSTRUMENT
SUNLIFEINS,Sunlife Insurance Company Limited,,,,,,Market evidence/instrument master/company_listing_2026-08-17.html,UNVERIFIED_INSTRUMENT
TAKAFULINS,Takaful Islami Insurance PLC,,,,,,Market evidence/instrument master/company_listing_2026-08-17.html,UNVERIFIED_INSTRUMENT
TALLUSPIN,Tallu Spinning Mills Ltd.,,,,,,Market evidence/instrument master/company_listing_2026-08-17.html,UNVERIFIED_INSTRUMENT
TAMIJTEX,Tamijuddin Textile Mills PLC,,,,,,Market evidence/instrument master/company_listing_2026-08-17.html,UNVERIFIED_INSTRUMENT
TB10Y0127,10Y BGTB 18/01/2027,,,,,,Market evidence/instrument master/company_listing_2026-08-17.html,UNVERIFIED_INSTRUMENT
TB10Y0130,10Y BGTB 22/01/2030,,,,,,Market evidence/instrument master/company_listing_2026-08-17.html,UNVERIFIED_INSTRUMENT
TB10Y0132,10Y BGTB 19/01/2032,,,,,,Market evidence/instrument master/company_listing_2026-08-17.html,UNVERIFIED_INSTRUMENT
TB10Y0135,10Y BGTB 22/01/2035,,,,,,Market evidence/instrument master/company_listing_2026-08-17.html,UNVERIFIED_INSTRUMENT
TB10Y0231,10Y BGTB 17/02/2031,,,,,,Market evidence/instrument master/company_listing_2026-08-17.html,UNVERIFIED_INSTRUMENT
TB10Y0234,10Y BGTB 22/02/2034,,,,,,Market evidence/instrument master/company_listing_2026-08-17.html,UNVERIFIED_INSTRUMENT
TB10Y0333,10Y BGTB 15/03/2033,,,,,,Market evidence/instrument master/company_listing_2026-08-17.html,UNVERIFIED_INSTRUMENT
TB10Y0335,10Y BGTB 19/03/2035,,,,,,Market evidence/instrument master/company_listing_2026-08-17.html,UNVERIFIED_INSTRUMENT
TB10Y0429,10Y BGTB 17/04/2029,,,,,,Market evidence/instrument master/company_listing_2026-08-17.html,UNVERIFIED_INSTRUMENT
TB10Y0434,10Y BGTB 17/04/2034,,,,,,Market evidence/instrument master/company_listing_2026-08-17.html,UNVERIFIED_INSTRUMENT
TB10Y0530,10Y BGTB 07/05/2030,,,,,,Market evidence/instrument master/company_listing_2026-08-17.html,UNVERIFIED_INSTRUMENT
TB10Y0531,10Y BGTB 19/05/2031,,,,,,Market evidence/instrument master/company_listing_2026-08-17.html,UNVERIFIED_INSTRUMENT
TB10Y0532,10Y BGTB 25/05/2032,,,,,,Market evidence/instrument master/company_listing_2026-08-17.html,UNVERIFIED_INSTRUMENT
TB10Y0535,10Y BGTB 21/05/2035,,,,,,Market evidence/instrument master/company_listing_2026-08-17.html,UNVERIFIED_INSTRUMENT
TB10Y0628,10Y BGTB 20/06/2028,,,,,,Market evidence/instrument master/company_listing_2026-08-17.html,UNVERIFIED_INSTRUMENT
TB10Y0629,10Y BGTB 19/06/2029,,,,,,Market evidence/instrument master/company_listing_2026-08-17.html,UNVERIFIED_INSTRUMENT
TB10Y0630,10Y BGTB 17/06/2030,,,,,,Market evidence/instrument master/company_listing_2026-08-17.html,UNVERIFIED_INSTRUMENT
TB10Y0632,10Y BGTB 22/06/2032,,,,,,Market evidence/instrument master/company_listing_2026-08-17.html,UNVERIFIED_INSTRUMENT
TB10Y0634,10 Years BGTB 20/06/2034,,,,,,Market evidence/instrument master/company_listing_2026-08-17.html,UNVERIFIED_INSTRUMENT
TB10Y0730,10Y BGTB 22/07/2030,,,,,,Market evidence/instrument master/company_listing_2026-08-17.html,UNVERIFIED_INSTRUMENT
TB10Y0731,10Y BGTB 25/07/2031,,,,,,Market evidence/instrument master/company_listing_2026-08-17.html,UNVERIFIED_INSTRUMENT
TB10Y0735,10Y BGTB 23/07/2035,,,,,,Market evidence/instrument master/company_listing_2026-08-17.html,UNVERIFIED_INSTRUMENT
TB10Y0829,10Y BGTB 21/08/2029,,,,,,Market evidence/instrument master/company_listing_2026-08-17.html,UNVERIFIED_INSTRUMENT
TB10Y0833,10Y BGTB 16/08/2033,,,,,,Market evidence/instrument master/company_listing_2026-08-17.html,UNVERIFIED_INSTRUMENT
TB10Y0932,10Y BGTB 21/09/2032,,,,,,Market evidence/instrument master/company_listing_2026-08-17.html,UNVERIFIED_INSTRUMENT
TB10Y1027,10Y BGTB 18/10/2027,,,,,,Market evidence/instrument master/company_listing_2026-08-17.html,UNVERIFIED_INSTRUMENT
TB10Y1030,10Y BGTB 21/10/2030,,,,,,Market evidence/instrument master/company_listing_2026-08-17.html,UNVERIFIED_INSTRUMENT
TB10Y1031,10Y BGTB 19/10/2031,,,,,,Market evidence/instrument master/company_listing_2026-08-17.html,UNVERIFIED_INSTRUMENT
TB10Y1128,10Y BGTB 22/11/2028,,,,,,Market evidence/instrument master/company_listing_2026-08-17.html,UNVERIFIED_INSTRUMENT
TB10Y1135,10Y BGTB 19/11/2035,,,,,,Market evidence/instrument master/company_listing_2026-08-17.html,UNVERIFIED_INSTRUMENT
TB10Y1229,10Y BGTB 18/12/2029,,,,,,Market evidence/instrument master/company_listing_2026-08-17.html,UNVERIFIED_INSTRUMENT
TB10Y1232,10Y BGTB 21/12/2032,,,,,,Market evidence/instrument master/company_listing_2026-08-17.html,UNVERIFIED_INSTRUMENT
TB15Y0127,15Y BGTB 18/01/2027,,,,,,Market evidence/instrument master/company_listing_2026-08-17.html,UNVERIFIED_INSTRUMENT
TB15Y0128,15Y BGTB 16/01/2028,,,,,,Market evidence/instrument master/company_listing_2026-08-17.html,UNVERIFIED_INSTRUMENT
TB15Y0129,15Y BGTB 29/01/2029,,,,,,Market evidence/instrument master/company_listing_2026-08-17.html,UNVERIFIED_INSTRUMENT
TB15Y0227,15Y BGTB 22/02/2027,,,,,,Market evidence/instrument master/company_listing_2026-08-17.html,UNVERIFIED_INSTRUMENT
TB15Y0228,15Y BGTB 20/02/2028,,,,,,Market evidence/instrument master/company_listing_2026-08-17.html,UNVERIFIED_INSTRUMENT
TB15Y0229,15Y BGTB 26/02/2029,,,,,,Market evidence/instrument master/company_listing_2026-08-17.html,UNVERIFIED_INSTRUMENT
TB15Y0327,15Y BGTB 21/03/2027,,,,,,Market evidence/instrument master/company_listing_2026-08-17.html,UNVERIFIED_INSTRUMENT
TB15Y0328,15Y BGTB 20/03/2028,,,,,,Market evidence/instrument master/company_listing_2026-08-17.html,UNVERIFIED_INSTRUMENT
TB15Y0329,15Y BGTB 27/03/2029,,,,,,Market evidence/instrument master/company_listing_2026-08-17.html,UNVERIFIED_INSTRUMENT
TB15Y0339,15Y BGTB 27/03/2039,,,,,,Market evidence/instrument master/company_listing_2026-08-17.html,UNVERIFIED_INSTRUMENT
TB15Y0340,15Y BGTB 27/03/2040,,,,,,Market evidence/instrument master/company_listing_2026-08-17.html,UNVERIFIED_INSTRUMENT
TB15Y0427,15Y BGTB 18/04/2027,,,,,,Market evidence/instrument master/company_listing_2026-08-17.html,UNVERIFIED_INSTRUMENT
TB15Y0428,15Y BGTB 17/04/2028,,,,,,Market evidence/instrument master/company_listing_2026-08-17.html,UNVERIFIED_INSTRUMENT
TB15Y0429,15Y BGTB 23/04/2029,,,,,,Market evidence/instrument master/company_listing_2026-08-17.html,UNVERIFIED_INSTRUMENT
TB15Y0431,15Y BGTB 27/04/2031,,,,,,Market evidence/instrument master/company_listing_2026-08-17.html,UNVERIFIED_INSTRUMENT
TB15Y0437,15Y BGTB 27/04/2037,,,,,,Market evidence/instrument master/company_listing_2026-08-17.html,UNVERIFIED_INSTRUMENT
TB15Y0527,15Y BGTB 23/05/2027,,,,,,Market evidence/instrument master/company_listing_2026-08-17.html,UNVERIFIED_INSTRUMENT
TB15Y0528,15Y BGTB 22/05/2028,,,,,,Market evidence/instrument master/company_listing_2026-08-17.html,UNVERIFIED_INSTRUMENT
TB15Y0529,15Y BGTB 28/05/2029,,,,,,Market evidence/instrument master/company_listing_2026-08-17.html,UNVERIFIED_INSTRUMENT
TB15Y0535,15Y BGTB 13/05/2035,,,,,,Market evidence/instrument master/company_listing_2026-08-17.html,UNVERIFIED_INSTRUMENT
TB15Y0627,15Y BGTB 20/06/2027,,,,,,Market evidence/instrument master/company_listing_2026-08-17.html,UNVERIFIED_INSTRUMENT
TB15Y0628,15Y BGTB 19/06/2028,,,,,,Market evidence/instrument master/company_listing_2026-08-17.html,UNVERIFIED_INSTRUMENT
TB15Y0629,15Y BGTB 25/06/2029,,,,,,Market evidence/instrument master/company_listing_2026-08-17.html,UNVERIFIED_INSTRUMENT
TB15Y0635,15Y BGTB 24/06/2035,,,,,,Market evidence/instrument master/company_listing_2026-08-17.html,UNVERIFIED_INSTRUMENT
TB15Y0637,15Y BGTB 29/06/2037,,,,,,Market evidence/instrument master/company_listing_2026-08-17.html,UNVERIFIED_INSTRUMENT
TB15Y0727,15Y BGTB 18/07/2027,,,,,,Market evidence/instrument master/company_listing_2026-08-17.html,UNVERIFIED_INSTRUMENT
TB15Y0728,15Y BGTB 24/07/2028,,,,,,Market evidence/instrument master/company_listing_2026-08-17.html,UNVERIFIED_INSTRUMENT
TB15Y0729,15Y BGTB 23/07/2029,,,,,,Market evidence/instrument master/company_listing_2026-08-17.html,UNVERIFIED_INSTRUMENT
TB15Y0730,15Y BGTB 29/07/2030,,,,,,Market evidence/instrument master/company_listing_2026-08-17.html,UNVERIFIED_INSTRUMENT
TB15Y0736,15Y BGTB 28/07/2036,,,,,,Market evidence/instrument master/company_listing_2026-08-17.html,UNVERIFIED_INSTRUMENT
TB15Y0828,15Y BGTB 29/08/2028,,,,,,Market evidence/instrument master/company_listing_2026-08-17.html,UNVERIFIED_INSTRUMENT
TB15Y0829,15Y BGTB 27/08/2029,,,,,,Market evidence/instrument master/company_listing_2026-08-17.html,UNVERIFIED_INSTRUMENT
TB15Y0840,15Y BGTB 27/08/2040,,,,,,Market evidence/instrument master/company_listing_2026-08-17.html,UNVERIFIED_INSTRUMENT
TB15Y0926,15Y BGTB 21/09/2026,,,,,,Market evidence/instrument master/company_listing_2026-08-17.html,UNVERIFIED_INSTRUMENT
TB15Y0927,15Y BGTB 19/09/2027,,,,,,Market evidence/instrument master/company_listing_2026-08-17.html,UNVERIFIED_INSTRUMENT
TB15Y0928,15Y BGTB 25/09/2028,,,,,,Market evidence/instrument master/company_listing_2026-08-17.html,UNVERIFIED_INSTRUMENT
TB15Y0929,15Y BGTB 24/09/2029,,,,,,Market evidence/instrument master/company_listing_2026-08-17.html,UNVERIFIED_INSTRUMENT
TB15Y0930,15Y BGTB 23/09/2030,,,,,,Market evidence/instrument master/company_listing_2026-08-17.html,UNVERIFIED_INSTRUMENT
TB15Y0933,15Y BGTB 26/09/2033,,,,,,Market evidence/instrument master/company_listing_2026-08-17.html,UNVERIFIED_INSTRUMENT
TB15Y1026,15Y BGTB 19/10/2026,,,,,,Market evidence/instrument master/company_listing_2026-08-17.html,UNVERIFIED_INSTRUMENT
TB15Y1027,15Y BGTB 17/10/2027,,,,,,Market evidence/instrument master/company_listing_2026-08-17.html,UNVERIFIED_INSTRUMENT
TB15Y1028,15Y BGTB 23/10/2028,,,,,,Market evidence/instrument master/company_listing_2026-08-17.html,UNVERIFIED_INSTRUMENT
TB15Y1029,15Y BGTB 29/10/2029,,,,,,Market evidence/instrument master/company_listing_2026-08-17.html,UNVERIFIED_INSTRUMENT
TB15Y1126,15Y BGTB 16/11/2026,,,,,,Market evidence/instrument master/company_listing_2026-08-17.html,UNVERIFIED_INSTRUMENT
TB15Y1127,15Y BGTB 21/11/2027,,,,,,Market evidence/instrument master/company_listing_2026-08-17.html,UNVERIFIED_INSTRUMENT
TB15Y1128,15Y BGTB 27/11/2028,,,,,,Market evidence/instrument master/company_listing_2026-08-17.html,UNVERIFIED_INSTRUMENT
TB15Y1129,15Y BGTB 26/11/2029,,,,,,Market evidence/instrument master/company_listing_2026-08-17.html,UNVERIFIED_INSTRUMENT
TB15Y1133,15Y BGTB 28/11/2033,,,,,,Market evidence/instrument master/company_listing_2026-08-17.html,UNVERIFIED_INSTRUMENT
TB15Y1226,15Y BGTB 21/12/2026,,,,,,Market evidence/instrument master/company_listing_2026-08-17.html,UNVERIFIED_INSTRUMENT
TB15Y1227,15Y BGTB 19/12/2027,,,,,,Market evidence/instrument master/company_listing_2026-08-17.html,UNVERIFIED_INSTRUMENT
TB15Y1228,15Y BGTB 26/12/2028,,,,,,Market evidence/instrument master/company_listing_2026-08-17.html,UNVERIFIED_INSTRUMENT
TB20Y0128,20Y BGTB 23/01/2028,,,,,,Market evidence/instrument master/company_listing_2026-08-17.html,UNVERIFIED_INSTRUMENT
TB20Y0129,20Y BGTB 28/01/2029,,,,,,Market evidence/instrument master/company_listing_2026-08-17.html,UNVERIFIED_INSTRUMENT
TB20Y0131,20Y BGTB 26/01/2031,,,,,,Market evidence/instrument master/company_listing_2026-08-17.html,UNVERIFIED_INSTRUMENT
TB20Y0132,20Y BGTB 25/01/2032,,,,,,Market evidence/instrument master/company_listing_2026-08-17.html,UNVERIFIED_INSTRUMENT
TB20Y0133,20Y BGTB 23/01/2033,,,,,,Market evidence/instrument master/company_listing_2026-08-17.html,UNVERIFIED_INSTRUMENT
TB20Y0134,20Y BGTB 29/01/2034,,,,,,Market evidence/instrument master/company_listing_2026-08-17.html,UNVERIFIED_INSTRUMENT
TB20Y0143,20Y BGTB 25/01/2043,,,,,,Market evidence/instrument master/company_listing_2026-08-17.html,UNVERIFIED_INSTRUMENT
TB20Y0228,20Y BGTB 27/02/2028,,,,,,Market evidence/instrument master/company_listing_2026-08-17.html,UNVERIFIED_INSTRUMENT
TB20Y0229,20Y BGTB 25/02/2029,,,,,,Market evidence/instrument master/company_listing_2026-08-17.html,UNVERIFIED_INSTRUMENT
TB20Y0230,20Y BGTB 24/02/2030,,,,,,Market evidence/instrument master/company_listing_2026-08-17.html,UNVERIFIED_INSTRUMENT
TB20Y0231,20Y BGTB 23/02/2031,,,,,,Market evidence/instrument master/company_listing_2026-08-17.html,UNVERIFIED_INSTRUMENT
TB20Y0232,20Y BGTB 29/02/2032,,,,,,Market evidence/instrument master/company_listing_2026-08-17.html,UNVERIFIED_INSTRUMENT
TB20Y0233,20Y BGTB 27/02/2033,,,,,,Market evidence/instrument master/company_listing_2026-08-17.html,UNVERIFIED_INSTRUMENT
TB20Y0234,20Y BGTB 26/02/2034,,,,,,Market evidence/instrument master/company_listing_2026-08-17.html,UNVERIFIED_INSTRUMENT
TB20Y0328,20Y BGTB 27/03/2028,,,,,,Market evidence/instrument master/company_listing_2026-08-17.html,UNVERIFIED_INSTRUMENT
TB20Y0329,20Y BGTB 25/03/2029,,,,,,Market evidence/instrument master/company_listing_2026-08-17.html,UNVERIFIED_INSTRUMENT
TB20Y0330,20Y BGTB 24/03/2030,,,,,,Market evidence/instrument master/company_listing_2026-08-17.html,UNVERIFIED_INSTRUMENT
TB20Y0331,20Y BGTB 23/03/2031,,,,,,Market evidence/instrument master/company_listing_2026-08-17.html,UNVERIFIED_INSTRUMENT
TB20Y0332,20Y BGTB 28/03/2032,,,,,,Market evidence/instrument master/company_listing_2026-08-17.html,UNVERIFIED_INSTRUMENT
TB20Y0333,20Y BGTB 27/03/2033,,,,,,Market evidence/instrument master/company_listing_2026-08-17.html,UNVERIFIED_INSTRUMENT
TB20Y0334,20Y BGTB 27/03/2034,,,,,,Market evidence/instrument master/company_listing_2026-08-17.html,UNVERIFIED_INSTRUMENT
TB20Y0342,20Y BGTB 30/03/2042,,,,,,Market evidence/instrument master/company_listing_2026-08-17.html,UNVERIFIED_INSTRUMENT
TB20Y0428,20Y BGTB 23/04/2028,,,,,,Market evidence/instrument master/company_listing_2026-08-17.html,UNVERIFIED_INSTRUMENT
TB20Y0429,20Y BGTB 29/04/2029,,,,,,Market evidence/instrument master/company_listing_2026-08-17.html,UNVERIFIED_INSTRUMENT
TB20Y0430,20Y BGTB 28/04/2030,,,,,,Market evidence/instrument master/company_listing_2026-08-17.html,UNVERIFIED_INSTRUMENT
TB20Y0431,20Y BGTB 27/04/2031,,,,,,Market evidence/instrument master/company_listing_2026-08-17.html,UNVERIFIED_INSTRUMENT
TB20Y0432,20Y BGTB 25/04/2032,,,,,,Market evidence/instrument master/company_listing_2026-08-17.html,UNVERIFIED_INSTRUMENT
TB20Y0433,20Y BGTB 24/04/2033,,,,,,Market evidence/instrument master/company_listing_2026-08-17.html,UNVERIFIED_INSTRUMENT
TB20Y0434,20Y BGTB 23/04/2034,,,,,,Market evidence/instrument master/company_listing_2026-08-17.html,UNVERIFIED_INSTRUMENT
TB20Y0436,20Y BGTB 27/04/2036,,,,,,Market evidence/instrument master/company_listing_2026-08-17.html,UNVERIFIED_INSTRUMENT
TB20Y0528,20Y BGTB 28/05/2028,,,,,,Market evidence/instrument master/company_listing_2026-08-17.html,UNVERIFIED_INSTRUMENT
TB20Y0529,20Y BGTB 27/05/2029,,,,,,Market evidence/instrument master/company_listing_2026-08-17.html,UNVERIFIED_INSTRUMENT
TB20Y0530,20Y BGTB 26/05/2030,,,,,,Market evidence/instrument master/company_listing_2026-08-17.html,UNVERIFIED_INSTRUMENT
TB20Y0531,20Y BGTB 25/05/2031,,,,,,Market evidence/instrument master/company_listing_2026-08-17.html,UNVERIFIED_INSTRUMENT
TB20Y0532,20Y BGTB 30/05/2032,,,,,,Market evidence/instrument master/company_listing_2026-08-17.html,UNVERIFIED_INSTRUMENT
TB20Y0533,20Y BGTB 29/05/2033,,,,,,Market evidence/instrument master/company_listing_2026-08-17.html,UNVERIFIED_INSTRUMENT
TB20Y0534,20Y BGTB 28/05/2034,,,,,,Market evidence/instrument master/company_listing_2026-08-17.html,UNVERIFIED_INSTRUMENT
TB20Y0540,20Y BGTB 20/05/2040,,,,,,Market evidence/instrument master/company_listing_2026-08-17.html,UNVERIFIED_INSTRUMENT
TB20Y0545,20Y BGTB 28/05/2045,,,,,,Market evidence/instrument master/company_listing_2026-08-17.html,UNVERIFIED_INSTRUMENT
TB20Y0628,20Y BGTB 25/06/2028,,,,,,Market evidence/instrument master/company_listing_2026-08-17.html,UNVERIFIED_INSTRUMENT
TB20Y0629,20Y BGTB 24/06/2029,,,,,,Market evidence/instrument master/company_listing_2026-08-17.html,UNVERIFIED_INSTRUMENT
TB20Y0630,20Y BGTB 23/06/2030,,,,,,Market evidence/instrument master/company_listing_2026-08-17.html,UNVERIFIED_INSTRUMENT
TB20Y0631,20Y BGTB 29/06/2031,,,,,,Market evidence/instrument master/company_listing_2026-08-17.html,UNVERIFIED_INSTRUMENT
TB20Y0632,20Y BGTB 27/06/2032,,,,,,Market evidence/instrument master/company_listing_2026-08-17.html,UNVERIFIED_INSTRUMENT
TB20Y0633,20Y BGTB 26/06/2033,,,,,,Market evidence/instrument master/company_listing_2026-08-17.html,UNVERIFIED_INSTRUMENT
TB20Y0634,20Y BGTB 25/06/2034,,,,,,Market evidence/instrument master/company_listing_2026-08-17.html,UNVERIFIED_INSTRUMENT
TB20Y0639,20Y BGTB 26/06/2039,,,,,,Market evidence/instrument master/company_listing_2026-08-17.html,UNVERIFIED_INSTRUMENT
TB20Y0640,20Y BGTB 24/06/2040,,,,,,Market evidence/instrument master/company_listing_2026-08-17.html,UNVERIFIED_INSTRUMENT
TB20Y0641,20Y BGTB 30/06/2041,,,,,,Market evidence/instrument master/company_listing_2026-08-17.html,UNVERIFIED_INSTRUMENT
TB20Y0642,20Y BGTB 29/06/2042,,,,,,Market evidence/instrument master/company_listing_2026-08-17.html,UNVERIFIED_INSTRUMENT
TB20Y0727,20Y BGTB 25/07/2027,,,,,,Market evidence/instrument master/company_listing_2026-08-17.html,UNVERIFIED_INSTRUMENT
TB20Y0728,20Y BGTB 23/07/2028,,,,,,Market evidence/instrument master/company_listing_2026-08-17.html,UNVERIFIED_INSTRUMENT
TB20Y0729,20Y BGTB 29/07/2029,,,,,,Market evidence/instrument master/company_listing_2026-08-17.html,UNVERIFIED_INSTRUMENT
TB20Y0730,20Y BGTB 29/07/2030,,,,,,Market evidence/instrument master/company_listing_2026-08-17.html,UNVERIFIED_INSTRUMENT
TB20Y0731,20Y BGTB 27/07/2031,,,,,,Market evidence/instrument master/company_listing_2026-08-17.html,UNVERIFIED_INSTRUMENT
TB20Y0732,20Y BGTB 25/07/2032,,,,,,Market evidence/instrument master/company_listing_2026-08-17.html,UNVERIFIED_INSTRUMENT
TB20Y0733,20Y BGTB 24/07/2033,,,,,,Market evidence/instrument master/company_listing_2026-08-17.html,UNVERIFIED_INSTRUMENT
TB20Y0734,20Y BGTB 23/07/2034,,,,,,Market evidence/instrument master/company_listing_2026-08-17.html,UNVERIFIED_INSTRUMENT
TB20Y0735,20Y BGTB 29/07/2035,,,,,,Market evidence/instrument master/company_listing_2026-08-17.html,UNVERIFIED_INSTRUMENT
TB20Y0744,20Y BGTB 28/07/2044,,,,,,Market evidence/instrument master/company_listing_2026-08-17.html,UNVERIFIED_INSTRUMENT
TB20Y0827,20Y BGTB 29/08/2027,,,,,,Market evidence/instrument master/company_listing_2026-08-17.html,UNVERIFIED_INSTRUMENT
TB20Y0828,20Y BGTB 27/08/2028,,,,,,Market evidence/instrument master/company_listing_2026-08-17.html,UNVERIFIED_INSTRUMENT
TB20Y0829,20Y BGTB 26/08/2029,,,,,,Market evidence/instrument master/company_listing_2026-08-17.html,UNVERIFIED_INSTRUMENT
TB20Y0830,20Y BGTB 25/08/2030,,,,,,Market evidence/instrument master/company_listing_2026-08-17.html,UNVERIFIED_INSTRUMENT
TB20Y0831,20Y BGTB 24/08/2031,,,,,,Market evidence/instrument master/company_listing_2026-08-17.html,UNVERIFIED_INSTRUMENT
TB20Y0832,20Y BGTB 29/08/2032,,,,,,Market evidence/instrument master/company_listing_2026-08-17.html,UNVERIFIED_INSTRUMENT
TB20Y0833,20Y BGTB 29/08/2033,,,,,,Market evidence/instrument master/company_listing_2026-08-17.html,UNVERIFIED_INSTRUMENT
TB20Y0834,20Y BGTB 27/08/2034,,,,,,Market evidence/instrument master/company_listing_2026-08-17.html,UNVERIFIED_INSTRUMENT
TB20Y0845,20Y BGTB 27/08/2045,,,,,,Market evidence/instrument master/company_listing_2026-08-17.html,UNVERIFIED_INSTRUMENT
TB20Y0927,20Y BGTB 26/09/2027,,,,,,Market evidence/instrument master/company_listing_2026-08-17.html,UNVERIFIED_INSTRUMENT
TB20Y0928,20Y BGTB 24/09/2028,,,,,,Market evidence/instrument master/company_listing_2026-08-17.html,UNVERIFIED_INSTRUMENT
TB20Y0930,20Y BGTB 29/09/2030,,,,,,Market evidence/instrument master/company_listing_2026-08-17.html,UNVERIFIED_INSTRUMENT
TB20Y0931,20Y BGTB 28/09/2031,,,,,,Market evidence/instrument master/company_listing_2026-08-17.html,UNVERIFIED_INSTRUMENT
TB20Y0932,20Y BGTB 26/09/2032,,,,,,Market evidence/instrument master/company_listing_2026-08-17.html,UNVERIFIED_INSTRUMENT
TB20Y0933,20Y BGTB 25/09/2033,,,,,,Market evidence/instrument master/company_listing_2026-08-17.html,UNVERIFIED_INSTRUMENT
TB20Y0934,20Y BGTB 24/09/2034,,,,,,Market evidence/instrument master/company_listing_2026-08-17.html,UNVERIFIED_INSTRUMENT
TB20Y1027,20Y BGTB 24/10/2027,,,,,,Market evidence/instrument master/company_listing_2026-08-17.html,UNVERIFIED_INSTRUMENT
TB20Y1028,20Y BGTB 29/10/2028,,,,,,Market evidence/instrument master/company_listing_2026-08-17.html,UNVERIFIED_INSTRUMENT
TB20Y1029,20Y BGTB 28/10/2029,,,,,,Market evidence/instrument master/company_listing_2026-08-17.html,UNVERIFIED_INSTRUMENT
TB20Y1030,20Y BGTB 27/10/2030,,,,,,Market evidence/instrument master/company_listing_2026-08-17.html,UNVERIFIED_INSTRUMENT
TB20Y1031,20Y BGTB 26/10/2031,,,,,,Market evidence/instrument master/company_listing_2026-08-17.html,UNVERIFIED_INSTRUMENT
TB20Y1032,20Y BGTB 25/10/2032,,,,,,Market evidence/instrument master/company_listing_2026-08-17.html,UNVERIFIED_INSTRUMENT
TB20Y1033,20Y BGTB 23/10/2033,,,,,,Market evidence/instrument master/company_listing_2026-08-17.html,UNVERIFIED_INSTRUMENT
TB20Y1034,20Y BGTB 29/10/2034,,,,,,Market evidence/instrument master/company_listing_2026-08-17.html,UNVERIFIED_INSTRUMENT
TB20Y1127,20Y BGTB 28/11/2027,,,,,,Market evidence/instrument master/company_listing_2026-08-17.html,UNVERIFIED_INSTRUMENT
TB20Y1128,20Y BGTB 26/11/2028,,,,,,Market evidence/instrument master/company_listing_2026-08-17.html,UNVERIFIED_INSTRUMENT
TB20Y1130,20Y BGTB 24/11/2030,,,,,,Market evidence/instrument master/company_listing_2026-08-17.html,UNVERIFIED_INSTRUMENT
TB20Y1131,20Y BGTB 23/11/2031,,,,,,Market evidence/instrument master/company_listing_2026-08-17.html,UNVERIFIED_INSTRUMENT
TB20Y1132,20Y BGTB 28/11/2032,,,,,,Market evidence/instrument master/company_listing_2026-08-17.html,UNVERIFIED_INSTRUMENT
TB20Y1133,20Y BGTB 27/11/2033,,,,,,Market evidence/instrument master/company_listing_2026-08-17.html,UNVERIFIED_INSTRUMENT
TB20Y1134,20Y BGTB 26/11/2034,,,,,,Market evidence/instrument master/company_listing_2026-08-17.html,UNVERIFIED_INSTRUMENT
TB20Y1135,20Y BGTB 25/11/2035,,,,,,Market evidence/instrument master/company_listing_2026-08-17.html,UNVERIFIED_INSTRUMENT
TB20Y1138,20Y BGTB 28/11/2038,,,,,,Market evidence/instrument master/company_listing_2026-08-17.html,UNVERIFIED_INSTRUMENT
TB20Y1227,20Y BGTB 26/12/2027,,,,,,Market evidence/instrument master/company_listing_2026-08-17.html,UNVERIFIED_INSTRUMENT
TB20Y1228,20Y BGTB 24/12/2028,,,,,,Market evidence/instrument master/company_listing_2026-08-17.html,UNVERIFIED_INSTRUMENT
TB20Y1229,20Y BGTB 23/12/2029,,,,,,Market evidence/instrument master/company_listing_2026-08-17.html,UNVERIFIED_INSTRUMENT
TB20Y1230,20Y BGTB 29/12/2030,,,,,,Market evidence/instrument master/company_listing_2026-08-17.html,UNVERIFIED_INSTRUMENT
TB20Y1231,20Y BGTB 28/12/2031,,,,,,Market evidence/instrument master/company_listing_2026-08-17.html,UNVERIFIED_INSTRUMENT
TB20Y1232,20Y BGTB 26/12/2032,,,,,,Market evidence/instrument master/company_listing_2026-08-17.html,UNVERIFIED_INSTRUMENT
TB20Y1233,20Y BGTB 26/12/2033,,,,,,Market evidence/instrument master/company_listing_2026-08-17.html,UNVERIFIED_INSTRUMENT
TB20Y1242,20Y BGTB 28/12/2042,,,,,,Market evidence/instrument master/company_listing_2026-08-17.html,UNVERIFIED_INSTRUMENT
TB2Y0127,02Y BGTB 08/01/2027,,,,,,Market evidence/instrument master/company_listing_2026-08-17.html,UNVERIFIED_INSTRUMENT
TB2Y0227,02 Year BGTB 05/02/2027,,,,,,Market evidence/instrument master/company_listing_2026-08-17.html,UNVERIFIED_INSTRUMENT
TB2Y0327,02 Year BGTB 05/03/2027,,,,,,Market evidence/instrument master/company_listing_2026-08-17.html,UNVERIFIED_INSTRUMENT
TB2Y0427,02Y BGTB 09/04/2027,,,,,,Market evidence/instrument master/company_listing_2026-08-17.html,UNVERIFIED_INSTRUMENT
TB2Y0527,02Y BGTB 07/05/2027,,,,,,Market evidence/instrument master/company_listing_2026-08-17.html,UNVERIFIED_INSTRUMENT
TB2Y0627,02Y BGTB 04/06/2027,,,,,,Market evidence/instrument master/company_listing_2026-08-17.html,UNVERIFIED_INSTRUMENT
TB2Y0727,02Y BGTB 09/07/2027,,,,,,Market evidence/instrument master/company_listing_2026-08-17.html,UNVERIFIED_INSTRUMENT
TB2Y0927,02Y BGTB 03/09/2027,,,,,,Market evidence/instrument master/company_listing_2026-08-17.html,UNVERIFIED_INSTRUMENT
TB2Y1026,02Y BGTB 02/10/2026,,,,,,Market evidence/instrument master/company_listing_2026-08-17.html,UNVERIFIED_INSTRUMENT
TB2Y1126,02Y BGTB 06/11/2026,,,,,,Market evidence/instrument master/company_listing_2026-08-17.html,UNVERIFIED_INSTRUMENT
TB2Y1127,02Y BGTB 05/11/2027,,,,,,Market evidence/instrument master/company_listing_2026-08-17.html,UNVERIFIED_INSTRUMENT
TB5Y0128,5Y BGTB 11/01/2028,,,,,,Market evidence/instrument master/company_listing_2026-08-17.html,UNVERIFIED_INSTRUMENT
TB5Y0230,05Y BGTB 12/02/2030,,,,,,Market evidence/instrument master/company_listing_2026-08-17.html,UNVERIFIED_INSTRUMENT
TB5Y0327,05Y BGTB 16/03/2027,,,,,,Market evidence/instrument master/company_listing_2026-08-17.html,UNVERIFIED_INSTRUMENT
TB5Y0428,5Y BGTB 12/04/2028,,,,,,Market evidence/instrument master/company_listing_2026-08-17.html,UNVERIFIED_INSTRUMENT
TB5Y0429,05Y BGTB 15/04/2029,,,,,,Market evidence/instrument master/company_listing_2026-08-17.html,UNVERIFIED_INSTRUMENT
TB5Y0430,05Y BGTB 16/04/2030,,,,,,Market evidence/instrument master/company_listing_2026-08-17.html,UNVERIFIED_INSTRUMENT
TB5Y0527,05Y BGTB 18/05/2027,,,,,,Market evidence/instrument master/company_listing_2026-08-17.html,UNVERIFIED_INSTRUMENT
TB5Y0529,05Y BGTB 15/05/2029,,,,,,Market evidence/instrument master/company_listing_2026-08-17.html,UNVERIFIED_INSTRUMENT
TB5Y0628,5Y BGTB 14/06/2028,,,,,,Market evidence/instrument master/company_listing_2026-08-17.html,UNVERIFIED_INSTRUMENT
TB5Y0630,05Y BGTB 18/06/2030,,,,,,Market evidence/instrument master/company_listing_2026-08-17.html,UNVERIFIED_INSTRUMENT
TB5Y0727,5Y BGTB 13/07/2027,,,,,,Market evidence/instrument master/company_listing_2026-08-17.html,UNVERIFIED_INSTRUMENT
TB5Y0828,5Y BGTB 09/08/2028,,,,,,Market evidence/instrument master/company_listing_2026-08-17.html,UNVERIFIED_INSTRUMENT
TB5Y0926,05Y BGTB 15/09/2026,,,,,,Market evidence/instrument master/company_listing_2026-08-17.html,UNVERIFIED_INSTRUMENT
TB5Y0928,5Y BGTB 13/09/2028,,,,,,Market evidence/instrument master/company_listing_2026-08-17.html,UNVERIFIED_INSTRUMENT
TB5Y0930,05Y BGTB 10/09/2030,,,,,,Market evidence/instrument master/company_listing_2026-08-17.html,UNVERIFIED_INSTRUMENT
TB5Y1029,05Y BGTB 09/10/2029,,,,,,Market evidence/instrument master/company_listing_2026-08-17.html,UNVERIFIED_INSTRUMENT
TB5Y1126,05Y BGTB 10/11/2026,,,,,,Market evidence/instrument master/company_listing_2026-08-17.html,UNVERIFIED_INSTRUMENT
TB5Y1127,5Y BGTB 16/11/2027,,,,,,Market evidence/instrument master/company_listing_2026-08-17.html,UNVERIFIED_INSTRUMENT
TB5Y1128,5Y BGTB 15/11/2028,,,,,,Market evidence/instrument master/company_listing_2026-08-17.html,UNVERIFIED_INSTRUMENT
TB5Y1130,05Y BGTB 30/11/2030,,,,,,Market evidence/instrument master/company_listing_2026-08-17.html,UNVERIFIED_INSTRUMENT
TB5Y1228,5Y BGTB 13/12/2028,,,,,,Market evidence/instrument master/company_listing_2026-08-17.html,UNVERIFIED_INSTRUMENT
TB5Y1229,05Y BGTB 11/12/2029,,,,,,Market evidence/instrument master/company_listing_2026-08-17.html,UNVERIFIED_INSTRUMENT
TECHNODRUG,Techno Drugs Ltd.,,,,,,Market evidence/instrument master/company_listing_2026-08-17.html,UNVERIFIED_INSTRUMENT
TILIL,Trust Islami Life Insurance PLC.,,,,,,Market evidence/instrument master/company_listing_2026-08-17.html,UNVERIFIED_INSTRUMENT
TITASGAS,Titas Gas Transmission and Distribution PLC.,,,,,,Market evidence/instrument master/company_listing_2026-08-17.html,UNVERIFIED_INSTRUMENT
TOSRIFA,Tosrifa Industries PLC.,,,,,,Market evidence/instrument master/company_listing_2026-08-17.html,UNVERIFIED_INSTRUMENT
TRUSTB1MF,Trust Bank 1st Mutual Fund,,,,,,Market evidence/instrument master/company_listing_2026-08-17.html,UNVERIFIED_INSTRUMENT
TRUSTBANK,Trust Bank PLC.,,,,,,Market evidence/instrument master/company_listing_2026-08-17.html,UNVERIFIED_INSTRUMENT
TUNGHAI,Tung Hai Knitting & Dyeing Limited,,,,,,Market evidence/instrument master/company_listing_2026-08-17.html,UNVERIFIED_INSTRUMENT
UCB,United Commercial Bank PLC,,,,,,Market evidence/instrument master/company_listing_2026-08-17.html,UNVERIFIED_INSTRUMENT
UCB2PBOND,UCB 2nd Perpetual Bond,,,,,,Market evidence/instrument master/company_listing_2026-08-17.html,UNVERIFIED_INSTRUMENT
UNILEVERCL,Unilever Consumer Care Limited,,,,,,Market evidence/instrument master/company_listing_2026-08-17.html,UNVERIFIED_INSTRUMENT
UNIONBANK,Union Bank PLC.,,,,,,Market evidence/instrument master/company_listing_2026-08-17.html,UNVERIFIED_INSTRUMENT
UNIONCAP,Union Capital Limited,,,,,,Market evidence/instrument master/company_listing_2026-08-17.html,UNVERIFIED_INSTRUMENT
UNIONINS,Union Insurance PLC.,,,,,,Market evidence/instrument master/company_listing_2026-08-17.html,UNVERIFIED_INSTRUMENT
UNIQUEHRL,Unique Hotel & Resorts PLC,,,,,,Market evidence/instrument master/company_listing_2026-08-17.html,UNVERIFIED_INSTRUMENT
UNITEDFIN,United Finance PLC.,,,,,,Market evidence/instrument master/company_listing_2026-08-17.html,UNVERIFIED_INSTRUMENT
UNITEDINS,United Insurance Company Ltd.,,,,,,Market evidence/instrument master/company_listing_2026-08-17.html,UNVERIFIED_INSTRUMENT
UPGDCL,United Power Generation & Distribution Company Ltd.,,,,,,Market evidence/instrument master/company_listing_2026-08-17.html,UNVERIFIED_INSTRUMENT
USMANIAGL,Usmania Glass Sheet Factory Limited,,,,,,Market evidence/instrument master/company_listing_2026-08-17.html,UNVERIFIED_INSTRUMENT
UTTARABANK,Uttara Bank PLC.,,,,,,Market evidence/instrument master/company_listing_2026-08-17.html,UNVERIFIED_INSTRUMENT
UTTARAFIN,Uttara Finance and Investments Limited,,,,,,Market evidence/instrument master/company_listing_2026-08-17.html,UNVERIFIED_INSTRUMENT
VAMLBDMF1,Vanguard AML BD Finance Mutual Fund One,,,,,,Market evidence/instrument master/company_listing_2026-08-17.html,UNVERIFIED_INSTRUMENT
VAMLRBBF,Vanguard AML Rupali Bank Balanced Fund,,,,,,Market evidence/instrument master/company_listing_2026-08-17.html,UNVERIFIED_INSTRUMENT
VFSTDL,VFS Thread Dyeing Limited,,,,,,Market evidence/instrument master/company_listing_2026-08-17.html,UNVERIFIED_INSTRUMENT
WALTONHIL,Walton Hi-Tech Industries PLC,,,,,,Market evidence/instrument master/company_listing_2026-08-17.html,UNVERIFIED_INSTRUMENT
WATACHEM,Wata Chemicals Limited,,,,,,Market evidence/instrument master/company_listing_2026-08-17.html,UNVERIFIED_INSTRUMENT
WMSHIPYARD,Western Marine Shipyard Limited,,,,,,Market evidence/instrument master/company_listing_2026-08-17.html,UNVERIFIED_INSTRUMENT
YPL,Yeakin Polymer Limited,,,,,,Market evidence/instrument master/company_listing_2026-08-17.html,UNVERIFIED_INSTRUMENT
ZAHEENSPIN,Zaheen Spinning PLC.,,,,,,Market evidence/instrument master/company_listing_2026-08-17.html,UNVERIFIED_INSTRUMENT
ZAHINTEX,Zahintex Industries Limited,,,,,,Market evidence/instrument master/company_listing_2026-08-17.html,UNVERIFIED_INSTRUMENT
ZEALBANGLA,Zeal Bangla Sugar Mills Ltd.,,,,,,Market evidence/instrument master/company_listing_2026-08-17.html,UNVERIFIED_INSTRUMENT
